Case_ID,Scope,Tier,Case_Type,Members,Status,Method,Reason,Signal_Contributors_N,Required_Contributors_N,Post_SA_Status,Post_SA_Pre_Max
FP014,TH,T1,keyword,FP014,OK,X13,,1,1,OK,87.9797865389
FP019,TH,T1,keyword,FP019,OK,X13,,1,1,OK,89.7506315764
FP038,TH,T1,keyword,FP038,OK,X13,,1,1,OK,90.7374537172
FU014,TH,T1,keyword,FU014,OK,X13,,1,1,OK,96.4483263812
FU015,TH,T1,keyword,FU015,OK,X13,,1,1,OK,92.2137433967
FU018,TH,T1,keyword,FU018,OK,X13,,1,1,OK,94.3052494000
TU068,TH,T1,keyword,TU068,OK,X13,,1,1,OK,97.8799754719
FP109,TH,T1,keyword,FP109,OK,X13,,1,1,OK,85.8304336532
FP118,TH,T1,keyword,FP118,OK,X13,,1,1,OK,94.2807521359
FP301,TH,T1,keyword,FP301,OK,X13,,1,1,OK,97.5827856733
FP306,TH,T1,keyword,FP306,OK,X13,,1,1,OK,96.5956272648
FP317,TH,T1,keyword,FP317,OK,X13,,1,1,OK,80.5699109514
FP321,TH,T1,keyword,FP321,OK,X13,,1,1,OK,89.8942909605
FP331,TH,T1,keyword,FP331,OK,X13,,1,1,OK,90.0161024786
FU064,TH,T1,keyword,FU064,OK,X13,,1,1,OK,98.0519900971
FU078,TH,T1,keyword,FU078,OK,X13,,1,1,OK,97.7715671304
FPF03,TH,T2,family_member,FP023;FP026;FP108,OK,X13,,3,3,OK,90.2574913387
TPF02,TH,T2,family_member,TP010;TP041,OK,X13,,2,2,OK,98.5157228561
TUF01,TH,T2,family_member,TU067;TU069;TU070;TU071,OK,X13,,4,4,OK,94.0115362921
TUF02,TH,T2,family_member,TU005;TU048;TU062,OK,X13,,3,3,OK,88.5254702015
NPF01,TH,T2,family_member,NP023;NP024;NP025;NP044,OK,X13,,4,4,OK,89.9183319972
FPF05,TH,T2,family_member,FP111;FP112;FP135;FP153;FP159;FP176,OK,X13,,6,6,OK,88.0329816833
FPF08,TH,T2,family_member,FP136;FP169,OK,X13,,2,2,OK,72.6076673576
FPF09,TH,T2,family_member,FP302;FP318;FP333;FP334,OK,X13,,4,4,OK,83.9362342367
NP061,TH,T1,keyword,NP061,OK,X13,,1,1,OK,100.5690732550
FP510,TH,T1,keyword,FP510,OK,X13,,1,1,OK,99.1131779079
FP607,TH,T1,keyword,FP607,OK,X13,,1,1,OK,92.7345076466
NP081,TH,T1,keyword,NP081,OK,X13,,1,1,OK,94.6025167934
FP511,TH,T1,keyword,FP511,OK,X13,,1,1,OK,93.7098530091
FP512,TH,T1,keyword,FP512,OK,X13,,1,1,OK,95.7767235228
TP129,TH,T1,keyword,TP129,OK,X13,,1,1,OK,93.5448241011
FP014,REG_ISAN5,T1,keyword,FP014,OK,X13,,5,5,OK,85.8392904904
FP019,REG_ISAN5,T1,keyword,FP019,OK,X13,,5,5,OK,83.4364339849
FP038,REG_ISAN5,T1,keyword,FP038,OK,X13,,5,5,OK,91.9544280634
FU014,REG_ISAN5,T1,keyword,FU014,OK,X13,,5,5,OK,94.4154212816
FU015,REG_ISAN5,T1,keyword,FU015,OK,X13,,5,5,OK,100.2307099572
FU018,REG_ISAN5,T1,keyword,FU018,OK,X13,,5,5,OK,95.2073945904
TU068,REG_ISAN5,T1,keyword,TU068,OK,X13,,5,5,OK,93.8274970528
FP109,REG_ISAN5,T1,keyword,FP109,OK,X13,,5,5,OK,81.9032975454
FP118,REG_ISAN5,T1,keyword,FP118,OK,X13,,5,5,OK,84.9302200286
FP301,REG_ISAN5,T1,keyword,FP301,OK,X13,,5,5,OK,96.2915518373
FP306,REG_ISAN5,T1,keyword,FP306,OK,X13,,5,5,OK,95.2029945648
FP317,REG_ISAN5,T1,keyword,FP317,OK,X13,,5,5,OK,99.0667948394
FP321,REG_ISAN5,T1,keyword,FP321,OK,X13,,5,5,OK,91.6252958515
FP331,REG_ISAN5,T1,keyword,FP331,OK,X13,,5,5,OK,105.0829468534
FU064,REG_ISAN5,T1,keyword,FU064,OK,X13,,5,5,OK,98.5694524061
FU078,REG_ISAN5,T1,keyword,FU078,OK,X13,,5,5,OK,99.0503936712
FPF03,REG_ISAN5,T2,family_member,FP023;FP026;FP108,OK,X13,,10,15,OK,97.4111868474
TPF02,REG_ISAN5,T2,family_member,TP010;TP041,OK,X13,,6,10,OK,102.3656410180
TUF01,REG_ISAN5,T2,family_member,TU067;TU069;TU070;TU071,OK,X13,,19,20,OK,98.9884269835
TUF02,REG_ISAN5,T2,family_member,TU005;TU048;TU062,OK,X13,,10,15,OK,96.5798169906
NPF01,REG_ISAN5,T2,family_member,NP023;NP024;NP025;NP044,OK,X13,,12,20,OK,94.9016098499
FPF05,REG_ISAN5,T2,family_member,FP111;FP112;FP135;FP153;FP159;FP176,OK,X13,,19,30,OK,78.0220951816
FPF08,REG_ISAN5,T2,family_member,FP136;FP169,OK,X13,,8,10,OK,58.5787821488
FPF09,REG_ISAN5,T2,family_member,FP302;FP318;FP333;FP334,OK,X13,,20,20,OK,81.0034735111
NP061,REG_ISAN5,T1,keyword,NP061,OK,X13,,5,5,OK,101.2325824199
FP510,REG_ISAN5,T1,keyword,FP510,FALLBACK,STL_FALLBACK,X13SeriesError: X-13 failed (exit 0): ERROR: Estimation failed to converge for automatically identified model,5,5,OK,99.6385851145
FP607,REG_ISAN5,T1,keyword,FP607,OK,X13,,5,5,OK,94.4089776838
NP081,REG_ISAN5,T1,keyword,NP081,OK,X13,,5,5,OK,94.0933940749
FP511,REG_ISAN5,T1,keyword,FP511,OK,X13,,5,5,OK,85.0667243847
FP512,REG_ISAN5,T1,keyword,FP512,OK,X13,,5,5,OK,95.1771565129
TP129,REG_ISAN5,T1,keyword,TP129,OK,X13,,5,5,OK,100.0783393438
FP014,TH-30,T1,keyword,FP014,OK,X13,,1,1,OK,91.6392759390
FP019,TH-30,T1,keyword,FP019,OK,X13,,1,1,OK,88.9624034086
FP038,TH-30,T1,keyword,FP038,OK,X13,,1,1,OK,91.1350608935
FU014,TH-30,T1,keyword,FU014,OK,X13,,1,1,OK,93.7826390944
FU015,TH-30,T1,keyword,FU015,OK,X13,,1,1,OK,101.5129808986
FU018,TH-30,T1,keyword,FU018,OK,X13,,1,1,OK,97.3836229765
TU068,TH-30,T1,keyword,TU068,OK,X13,,1,1,OK,93.0292297724
FP109,TH-30,T1,keyword,FP109,FALLBACK,STL_FALLBACK,X13SeriesError: X-13 failed (exit 0): ERROR: Estimation failed to converge for automatically identified model,1,1,OK,93.6506345399
FP118,TH-30,T1,keyword,FP118,OK,X13,,1,1,OK,92.8744353596
FP301,TH-30,T1,keyword,FP301,OK,X13,,1,1,OK,106.1560511089
FP306,TH-30,T1,keyword,FP306,OK,X13,,1,1,OK,95.4147941411
FP317,TH-30,T1,keyword,FP317,OK,X13,,1,1,OK,97.2076219456
FP321,TH-30,T1,keyword,FP321,OK,X13,,1,1,OK,90.9948496767
FP331,TH-30,T1,keyword,FP331,OK,X13,,1,1,OK,102.6176311546
FU064,TH-30,T1,keyword,FU064,OK,X13,,1,1,OK,98.2576705509
FU078,TH-30,T1,keyword,FU078,OK,X13,,1,1,OK,98.3157511175
FPF03,TH-30,T2,family_member,FP023;FP026;FP108,OK,X13,,2,3,OK,95.4585935798
TPF02,TH-30,T2,family_member,TP010;TP041,OK,X13,,2,2,OK,114.4961488075
TUF01,TH-30,T2,family_member,TU067;TU069;TU070;TU071,OK,X13,,4,4,OK,91.6431318220
TUF02,TH-30,T2,family_member,TU005;TU048;TU062,OK,X13,,3,3,OK,98.8162283092
NPF01,TH-30,T2,family_member,NP023;NP024;NP025;NP044,OK,X13,,3,4,OK,87.4526664702
FPF05,TH-30,T2,family_member,FP111;FP112;FP135;FP153;FP159;FP176,OK,X13,,5,6,OK,99.1289428232
FPF08,TH-30,T2,family_member,FP136;FP169,OK,X13,,2,2,OK,59.4331761653
FPF09,TH-30,T2,family_member,FP302;FP318;FP333;FP334,OK,X13,,4,4,OK,83.0061900088
NP061,TH-30,T1,keyword,NP061,OK,X13,,1,1,OK,96.5199214565
FP510,TH-30,T1,keyword,FP510,OK,X13,,1,1,OK,100.0563463431
FP607,TH-30,T1,keyword,FP607,OK,X13,,1,1,OK,93.4953538904
NP081,TH-30,T1,keyword,NP081,OK,X13,,1,1,OK,105.7070459394
FP511,TH-30,T1,keyword,FP511,OK,X13,,1,1,OK,95.7455762802
FP512,TH-30,T1,keyword,FP512,OK,X13,,1,1,OK,98.5921795485
TP129,TH-30,T1,keyword,TP129,OK,X13,,1,1,OK,98.7175977037
FP014,TH-31,T1,keyword,FP014,OK,X13,,1,1,OK,90.0776443197
FP019,TH-31,T1,keyword,FP019,OK,X13,,1,1,OK,81.3836288075
FP038,TH-31,T1,keyword,FP038,OK,X13,,1,1,OK,92.2373742292
FU014,TH-31,T1,keyword,FU014,OK,X13,,1,1,OK,93.0698301365
FU015,TH-31,T1,keyword,FU015,OK,X13,,1,1,OK,96.7642273000
FU018,TH-31,T1,keyword,FU018,OK,X13,,1,1,OK,88.9853329315
TU068,TH-31,T1,keyword,TU068,OK,X13,,1,1,OK,98.4512141080
FP109,TH-31,T1,keyword,FP109,OK,X13,,1,1,OK,98.3322466397
FP118,TH-31,T1,keyword,FP118,OK,X13,,1,1,OK,94.7966575159
FP301,TH-31,T1,keyword,FP301,OK,X13,,1,1,OK,101.0417243002
FP306,TH-31,T1,keyword,FP306,OK,X13,,1,1,OK,99.2414236596
FP317,TH-31,T1,keyword,FP317,OK,X13,,1,1,OK,97.4613923932
FP321,TH-31,T1,keyword,FP321,OK,X13,,1,1,OK,93.6210477444
FP331,TH-31,T1,keyword,FP331,OK,X13,,1,1,OK,120.2302399992
FU064,TH-31,T1,keyword,FU064,OK,X13,,1,1,OK,94.3464220966
FU078,TH-31,T1,keyword,FU078,OK,X13,,1,1,OK,97.1733839714
FPF03,TH-31,T2,family_member,FP023;FP026;FP108,OK,X13,,2,3,OK,100.2975563487
TPF02,TH-31,T2,family_member,TP010;TP041,FALLBACK,STL_FALLBACK,X13SeriesError: X-13 failed (exit 0): ERROR: Cannot perform automatic outlier identification if the robust,1,2,OK,99.5180708646
TUF01,TH-31,T2,family_member,TU067;TU069;TU070;TU071,OK,X13,,3,4,OK,100.4016608936
TUF02,TH-31,T2,family_member,TU005;TU048;TU062,OK,X13,,2,3,OK,95.3417685612
NPF01,TH-31,T2,family_member,NP023;NP024;NP025;NP044,OK,X13,,1,4,OK,95.1462590967
FPF05,TH-31,T2,family_member,FP111;FP112;FP135;FP153;FP159;FP176,OK,X13,,2,6,OK,99.3481191041
FPF08,TH-31,T2,family_member,FP136;FP169,NO_SIGNAL,NO_SIGNAL,all pre-SA values are zero,0,2,NO_SIGNAL,0.0000000000
FPF09,TH-31,T2,family_member,FP302;FP318;FP333;FP334,OK,X13,,4,4,OK,83.9142789406
NP061,TH-31,T1,keyword,NP061,OK,X13,,1,1,OK,120.4309696661
FP510,TH-31,T1,keyword,FP510,OK,X13,,1,1,OK,100.5513988593
FP607,TH-31,T1,keyword,FP607,OK,X13,,1,1,OK,88.8924087966
NP081,TH-31,T1,keyword,NP081,OK,X13,,1,1,OK,94.1518219057
FP511,TH-31,T1,keyword,FP511,OK,X13,,1,1,OK,96.6379577866
FP512,TH-31,T1,keyword,FP512,OK,X13,,1,1,OK,104.5856370926
TP129,TH-31,T1,keyword,TP129,OK,X13,,1,1,OK,88.9469278738
FP014,TH-34,T1,keyword,FP014,OK,X13,,1,1,OK,94.6562285988
FP019,TH-34,T1,keyword,FP019,OK,X13,,1,1,OK,82.8756500024
FP038,TH-34,T1,keyword,FP038,OK,X13,,1,1,OK,91.0647880317
FU014,TH-34,T1,keyword,FU014,OK,X13,,1,1,OK,86.5053444881
FU015,TH-34,T1,keyword,FU015,OK,X13,,1,1,OK,88.5478581556
FU018,TH-34,T1,keyword,FU018,OK,X13,,1,1,OK,92.2545231079
TU068,TH-34,T1,keyword,TU068,OK,X13,,1,1,OK,87.4120050247
FP109,TH-34,T1,keyword,FP109,OK,X13,,1,1,OK,104.4640177591
FP118,TH-34,T1,keyword,FP118,OK,X13,,1,1,OK,94.1131354295
FP301,TH-34,T1,keyword,FP301,OK,X13,,1,1,OK,91.8050457661
FP306,TH-34,T1,keyword,FP306,OK,X13,,1,1,OK,95.8925168725
FP317,TH-34,T1,keyword,FP317,OK,X13,,1,1,OK,100.1168913278
FP321,TH-34,T1,keyword,FP321,OK,X13,,1,1,OK,91.0702475564
FP331,TH-34,T1,keyword,FP331,OK,X13,,1,1,OK,94.2128439794
FU064,TH-34,T1,keyword,FU064,OK,X13,,1,1,OK,97.9909767058
FU078,TH-34,T1,keyword,FU078,OK,X13,,1,1,OK,98.6650094472
FPF03,TH-34,T2,family_member,FP023;FP026;FP108,OK,X13,,2,3,OK,93.6493811323
TPF02,TH-34,T2,family_member,TP010;TP041,OK,X13,,2,2,OK,101.3095433701
TUF01,TH-34,T2,family_member,TU067;TU069;TU070;TU071,OK,X13,,4,4,OK,82.8778516725
TUF02,TH-34,T2,family_member,TU005;TU048;TU062,OK,X13,,3,3,OK,96.8134602718
NPF01,TH-34,T2,family_member,NP023;NP024;NP025;NP044,OK,X13,,3,4,OK,95.2634520917
FPF05,TH-34,T2,family_member,FP111;FP112;FP135;FP153;FP159;FP176,OK,X13,,3,6,OK,82.2735188603
FPF08,TH-34,T2,family_member,FP136;FP169,OK,X13,,2,2,OK,87.9172189825
FPF09,TH-34,T2,family_member,FP302;FP318;FP333;FP334,OK,X13,,4,4,OK,83.6208841636
NP061,TH-34,T1,keyword,NP061,OK,X13,,1,1,OK,114.2540319892
FP510,TH-34,T1,keyword,FP510,OK,X13,,1,1,OK,94.4358523663
FP607,TH-34,T1,keyword,FP607,OK,X13,,1,1,OK,95.8871983963
NP081,TH-34,T1,keyword,NP081,OK,X13,,1,1,OK,85.5039450142
FP511,TH-34,T1,keyword,FP511,OK,X13,,1,1,OK,100.3082851665
FP512,TH-34,T1,keyword,FP512,OK,X13,,1,1,OK,101.0859745322
TP129,TH-34,T1,keyword,TP129,OK,X13,,1,1,OK,104.5333611558
FP014,TH-40,T1,keyword,FP014,OK,X13,,1,1,OK,92.8751315364
FP019,TH-40,T1,keyword,FP019,OK,X13,,1,1,OK,85.3972274501
FP038,TH-40,T1,keyword,FP038,OK,X13,,1,1,OK,93.0773877242
FU014,TH-40,T1,keyword,FU014,OK,X13,,1,1,OK,93.5969257059
FU015,TH-40,T1,keyword,FU015,OK,X13,,1,1,OK,101.0326503367
FU018,TH-40,T1,keyword,FU018,OK,X13,,1,1,OK,96.5685420611
TU068,TH-40,T1,keyword,TU068,OK,X13,,1,1,OK,91.8234247287
FP109,TH-40,T1,keyword,FP109,OK,X13,,1,1,OK,106.6051667218
FP118,TH-40,T1,keyword,FP118,OK,X13,,1,1,OK,104.5617269247
FP301,TH-40,T1,keyword,FP301,OK,X13,,1,1,OK,97.9001449949
FP306,TH-40,T1,keyword,FP306,OK,X13,,1,1,OK,95.4572591442
FP317,TH-40,T1,keyword,FP317,OK,X13,,1,1,OK,100.3037999323
FP321,TH-40,T1,keyword,FP321,OK,X13,,1,1,OK,92.5857721930
FP331,TH-40,T1,keyword,FP331,OK,X13,,1,1,OK,97.5580919996
FU064,TH-40,T1,keyword,FU064,OK,X13,,1,1,OK,98.8442638890
FU078,TH-40,T1,keyword,FU078,OK,X13,,1,1,OK,98.7673864088
FPF03,TH-40,T2,family_member,FP023;FP026;FP108,OK,X13,,2,3,OK,89.3148852026
TPF02,TH-40,T2,family_member,TP010;TP041,OK,X13,,1,2,OK,102.0200925674
TUF01,TH-40,T2,family_member,TU067;TU069;TU070;TU071,OK,X13,,4,4,OK,97.6804276575
TUF02,TH-40,T2,family_member,TU005;TU048;TU062,FALLBACK,STL_FALLBACK,X13SeriesError: X-13 failed (exit 0): ERROR: Cannot perform automatic outlier identification if the robust,1,3,OK,99.5180708646
NPF01,TH-40,T2,family_member,NP023;NP024;NP025;NP044,OK,X13,,2,4,OK,84.6816847589
FPF05,TH-40,T2,family_member,FP111;FP112;FP135;FP153;FP159;FP176,OK,X13,,5,6,OK,73.9789101017
FPF08,TH-40,T2,family_member,FP136;FP169,OK,X13,,2,2,OK,86.2028510166
FPF09,TH-40,T2,family_member,FP302;FP318;FP333;FP334,OK,X13,,4,4,OK,80.7053959032
NP061,TH-40,T1,keyword,NP061,OK,X13,,1,1,OK,99.0511662826
FP510,TH-40,T1,keyword,FP510,OK,X13,,1,1,OK,97.3100949353
FP607,TH-40,T1,keyword,FP607,OK,X13,,1,1,OK,98.4706816894
NP081,TH-40,T1,keyword,NP081,OK,X13,,1,1,OK,94.1588549012
FP511,TH-40,T1,keyword,FP511,OK,X13,,1,1,OK,79.1253378508
FP512,TH-40,T1,keyword,FP512,OK,X13,,1,1,OK,105.9432131861
TP129,TH-40,T1,keyword,TP129,OK,X13,,1,1,OK,95.0536335334
FP014,TH-41,T1,keyword,FP014,OK,X13,,1,1,OK,87.6670038925
FP019,TH-41,T1,keyword,FP019,OK,X13,,1,1,OK,85.0678624604
FP038,TH-41,T1,keyword,FP038,OK,X13,,1,1,OK,93.4332026336
FU014,TH-41,T1,keyword,FU014,OK,X13,,1,1,OK,97.2338320356
FU015,TH-41,T1,keyword,FU015,OK,X13,,1,1,OK,98.5315339723
FU018,TH-41,T1,keyword,FU018,OK,X13,,1,1,OK,92.6585739310
TU068,TH-41,T1,keyword,TU068,OK,X13,,1,1,OK,98.3462065301
FP109,TH-41,T1,keyword,FP109,OK,X13,,1,1,OK,99.3663656982
FP118,TH-41,T1,keyword,FP118,OK,X13,,1,1,OK,103.0757079217
FP301,TH-41,T1,keyword,FP301,OK,X13,,1,1,OK,101.6271025797
FP306,TH-41,T1,keyword,FP306,OK,X13,,1,1,OK,101.3701085377
FP317,TH-41,T1,keyword,FP317,OK,X13,,1,1,OK,99.8003173323
FP321,TH-41,T1,keyword,FP321,OK,X13,,1,1,OK,91.4014313661
FP331,TH-41,T1,keyword,FP331,OK,X13,,1,1,OK,111.6048699485
FU064,TH-41,T1,keyword,FU064,OK,X13,,1,1,OK,102.5047504643
FU078,TH-41,T1,keyword,FU078,OK,X13,,1,1,OK,101.0144539938
FPF03,TH-41,T2,family_member,FP023;FP026;FP108,OK,X13,,2,3,OK,99.2439755901
TPF02,TH-41,T2,family_member,TP010;TP041,NO_SIGNAL,NO_SIGNAL,all pre-SA values are zero,0,2,NO_SIGNAL,0.0000000000
TUF01,TH-41,T2,family_member,TU067;TU069;TU070;TU071,OK,X13,,4,4,OK,100.1648741790
TUF02,TH-41,T2,family_member,TU005;TU048;TU062,FALLBACK,STL_FALLBACK,X13SeriesError: X-13 failed (exit 0): ERROR: Cannot perform automatic outlier identification if the robust,1,3,OK,99.5180708646
NPF01,TH-41,T2,family_member,NP023;NP024;NP025;NP044,OK,X13,,3,4,OK,101.9122232849
FPF05,TH-41,T2,family_member,FP111;FP112;FP135;FP153;FP159;FP176,OK,X13,,4,6,OK,90.6459536158
FPF08,TH-41,T2,family_member,FP136;FP169,OK,X13,,2,2,OK,73.5393236240
FPF09,TH-41,T2,family_member,FP302;FP318;FP333;FP334,OK,X13,,4,4,OK,88.9066581793
NP061,TH-41,T1,keyword,NP061,OK,X13,,1,1,OK,100.9487908390
FP510,TH-41,T1,keyword,FP510,OK,X13,,1,1,OK,102.2820069177
FP607,TH-41,T1,keyword,FP607,OK,X13,,1,1,OK,88.6113532611
NP081,TH-41,T1,keyword,NP081,OK,X13,,1,1,OK,102.3127431798
FP511,TH-41,T1,keyword,FP511,OK,X13,,1,1,OK,95.9357796534
FP512,TH-41,T1,keyword,FP512,OK,X13,,1,1,OK,102.1231421289
TP129,TH-41,T1,keyword,TP129,OK,X13,,1,1,OK,104.7249796236
