Case_ID,Scope,Execution_Status,Diagnostic_Status,Quality_Status,Geo_Support_N,Geo_Support_Total,Coverage_Status,MA3_Endpoint_Provisional
FP014,TH,SUCCESS,ACCEPTED,PASS,1,1,FULL,TRUE
FP019,TH,SUCCESS,ACCEPTED,PASS,1,1,FULL,TRUE
FP038,TH,SUCCESS,REJECTED,REVIEW,1,1,FULL,TRUE
FU014,TH,SUCCESS,REJECTED,REVIEW,1,1,FULL,TRUE
FU015,TH,SUCCESS,ACCEPTED,PASS,1,1,FULL,TRUE
FU018,TH,SUCCESS,REJECTED,REVIEW,1,1,FULL,TRUE
TU068,TH,SUCCESS,CONDITIONALLY REJECTED,REVIEW,1,1,FULL,TRUE
FP109,TH,SUCCESS,ACCEPTED,PASS,1,1,FULL,TRUE
FP118,TH,SUCCESS,ACCEPTED,PASS,1,1,FULL,TRUE
FP301,TH,SUCCESS,REJECTED,REVIEW,1,1,FULL,TRUE
FP306,TH,SUCCESS,REJECTED,REVIEW,1,1,FULL,TRUE
FP317,TH,SUCCESS,REJECTED,REVIEW,1,1,FULL,TRUE
FP321,TH,SUCCESS,REJECTED,REVIEW,1,1,FULL,TRUE
FP331,TH,SUCCESS,REJECTED,REVIEW,1,1,FULL,TRUE
FU064,TH,SUCCESS,REJECTED,REVIEW,1,1,FULL,TRUE
FU078,TH,SUCCESS,REJECTED,REVIEW,1,1,FULL,TRUE
FPF03,TH,SUCCESS,ACCEPTED,PASS,1,1,FULL,TRUE
TPF02,TH,SUCCESS,CONDITIONALLY ACCEPTED,REVIEW,1,1,FULL,TRUE
TUF01,TH,SUCCESS,CONDITIONALLY REJECTED,REVIEW,1,1,FULL,TRUE
TUF02,TH,SUCCESS,REJECTED,REVIEW,1,1,FULL,TRUE
NPF01,TH,SUCCESS,CONDITIONALLY ACCEPTED,REVIEW,1,1,FULL,TRUE
FPF05,TH,SUCCESS,ACCEPTED,PASS,1,1,FULL,TRUE
FPF08,TH,SUCCESS,ACCEPTED,PASS,1,1,FULL,TRUE
FPF09,TH,SUCCESS,CONDITIONALLY REJECTED,REVIEW,1,1,FULL,TRUE
NP061,TH,SUCCESS,CONDITIONALLY ACCEPTED,REVIEW,1,1,FULL,TRUE
FP510,TH,SUCCESS,ACCEPTED,PASS,1,1,FULL,TRUE
FP607,TH,SUCCESS,ACCEPTED,PASS,1,1,FULL,TRUE
NP081,TH,SUCCESS,CONDITIONALLY REJECTED,REVIEW,1,1,FULL,TRUE
FP511,TH,SUCCESS,CONDITIONALLY ACCEPTED,REVIEW,1,1,FULL,TRUE
FP512,TH,SUCCESS,CONDITIONALLY ACCEPTED,REVIEW,1,1,FULL,TRUE
TP129,TH,SUCCESS,CONDITIONALLY ACCEPTED,REVIEW,1,1,FULL,TRUE
FP014,REG_ISAN5,SUCCESS,ACCEPTED,PASS,5,5,FULL,TRUE
FP019,REG_ISAN5,SUCCESS,ACCEPTED,PASS,5,5,FULL,TRUE
FP038,REG_ISAN5,SUCCESS,REJECTED,REVIEW,5,5,FULL,TRUE
FU014,REG_ISAN5,SUCCESS,REJECTED,REVIEW,5,5,FULL,TRUE
FU015,REG_ISAN5,SUCCESS,REJECTED,REVIEW,5,5,FULL,TRUE
FU018,REG_ISAN5,SUCCESS,REJECTED,REVIEW,5,5,FULL,TRUE
TU068,REG_ISAN5,SUCCESS,REJECTED,REVIEW,5,5,FULL,TRUE
FP109,REG_ISAN5,SUCCESS,REJECTED,REVIEW,5,5,FULL,TRUE
FP118,REG_ISAN5,SUCCESS,CONDITIONALLY REJECTED,REVIEW,5,5,FULL,TRUE
FP301,REG_ISAN5,SUCCESS,REJECTED,REVIEW,5,5,FULL,TRUE
FP306,REG_ISAN5,SUCCESS,REJECTED,REVIEW,5,5,FULL,TRUE
FP317,REG_ISAN5,SUCCESS,REJECTED,REVIEW,5,5,FULL,TRUE
FP321,REG_ISAN5,SUCCESS,REJECTED,REVIEW,5,5,FULL,TRUE
FP331,REG_ISAN5,SUCCESS,REJECTED,REVIEW,5,5,FULL,TRUE
FU064,REG_ISAN5,SUCCESS,REJECTED,REVIEW,5,5,FULL,TRUE
FU078,REG_ISAN5,SUCCESS,REJECTED,REVIEW,5,5,FULL,TRUE
FPF03,REG_ISAN5,SUCCESS,REJECTED,REVIEW,5,5,FULL,TRUE
TPF02,REG_ISAN5,SUCCESS,REJECTED,REVIEW,4,5,PARTIAL,TRUE
TUF01,REG_ISAN5,SUCCESS,REJECTED,REVIEW,5,5,FULL,TRUE
TUF02,REG_ISAN5,SUCCESS,REJECTED,REVIEW,5,5,FULL,TRUE
NPF01,REG_ISAN5,SUCCESS,REJECTED,REVIEW,5,5,FULL,TRUE
FPF05,REG_ISAN5,SUCCESS,REJECTED,REVIEW,5,5,FULL,TRUE
FPF08,REG_ISAN5,SUCCESS,REJECTED,REVIEW,4,5,PARTIAL,TRUE
FPF09,REG_ISAN5,SUCCESS,CONDITIONALLY REJECTED,REVIEW,5,5,FULL,TRUE
NP061,REG_ISAN5,SUCCESS,REJECTED,REVIEW,5,5,FULL,TRUE
FP510,REG_ISAN5,FALLBACK,NOT_AVAILABLE,REVIEW,5,5,FULL,TRUE
FP607,REG_ISAN5,SUCCESS,ACCEPTED,PASS,5,5,FULL,TRUE
NP081,REG_ISAN5,SUCCESS,CONDITIONALLY REJECTED,REVIEW,5,5,FULL,TRUE
FP511,REG_ISAN5,SUCCESS,REJECTED,REVIEW,5,5,FULL,TRUE
FP512,REG_ISAN5,SUCCESS,REJECTED,REVIEW,5,5,FULL,TRUE
TP129,REG_ISAN5,SUCCESS,REJECTED,REVIEW,5,5,FULL,TRUE
FP014,TH-30,SUCCESS,ACCEPTED,PASS,1,1,FULL,TRUE
FP019,TH-30,SUCCESS,ACCEPTED,PASS,1,1,FULL,TRUE
FP038,TH-30,SUCCESS,REJECTED,REVIEW,1,1,FULL,TRUE
FU014,TH-30,SUCCESS,REJECTED,REVIEW,1,1,FULL,TRUE
FU015,TH-30,SUCCESS,REJECTED,REVIEW,1,1,FULL,TRUE
FU018,TH-30,SUCCESS,REJECTED,REVIEW,1,1,FULL,TRUE
TU068,TH-30,SUCCESS,REJECTED,REVIEW,1,1,FULL,TRUE
FP109,TH-30,FALLBACK,NOT_AVAILABLE,REVIEW,1,1,FULL,TRUE
FP118,TH-30,SUCCESS,REJECTED,REVIEW,1,1,FULL,TRUE
FP301,TH-30,SUCCESS,REJECTED,REVIEW,1,1,FULL,TRUE
FP306,TH-30,SUCCESS,REJECTED,REVIEW,1,1,FULL,TRUE
FP317,TH-30,SUCCESS,REJECTED,REVIEW,1,1,FULL,TRUE
FP321,TH-30,SUCCESS,REJECTED,REVIEW,1,1,FULL,TRUE
FP331,TH-30,SUCCESS,REJECTED,REVIEW,1,1,FULL,TRUE
FU064,TH-30,SUCCESS,REJECTED,REVIEW,1,1,FULL,TRUE
FU078,TH-30,SUCCESS,REJECTED,REVIEW,1,1,FULL,TRUE
FPF03,TH-30,SUCCESS,CONDITIONALLY REJECTED,REVIEW,1,1,FULL,TRUE
TPF02,TH-30,SUCCESS,REJECTED,REVIEW,1,1,FULL,TRUE
TUF01,TH-30,SUCCESS,REJECTED,REVIEW,1,1,FULL,TRUE
TUF02,TH-30,SUCCESS,REJECTED,REVIEW,1,1,FULL,TRUE
NPF01,TH-30,SUCCESS,REJECTED,REVIEW,1,1,FULL,TRUE
FPF05,TH-30,SUCCESS,REJECTED,REVIEW,1,1,FULL,TRUE
FPF08,TH-30,SUCCESS,REJECTED,REVIEW,1,1,FULL,TRUE
FPF09,TH-30,SUCCESS,CONDITIONALLY ACCEPTED,REVIEW,1,1,FULL,TRUE
NP061,TH-30,SUCCESS,REJECTED,REVIEW,1,1,FULL,TRUE
FP510,TH-30,SUCCESS,REJECTED,REVIEW,1,1,FULL,TRUE
FP607,TH-30,SUCCESS,REJECTED,REVIEW,1,1,FULL,TRUE
NP081,TH-30,SUCCESS,REJECTED,REVIEW,1,1,FULL,TRUE
FP511,TH-30,SUCCESS,REJECTED,REVIEW,1,1,FULL,TRUE
FP512,TH-30,SUCCESS,REJECTED,REVIEW,1,1,FULL,TRUE
TP129,TH-30,SUCCESS,REJECTED,REVIEW,1,1,FULL,TRUE
FP014,TH-31,SUCCESS,ACCEPTED,PASS,1,1,FULL,TRUE
FP019,TH-31,SUCCESS,ACCEPTED,PASS,1,1,FULL,TRUE
FP038,TH-31,SUCCESS,REJECTED,REVIEW,1,1,FULL,TRUE
FU014,TH-31,SUCCESS,REJECTED,REVIEW,1,1,FULL,TRUE
FU015,TH-31,SUCCESS,REJECTED,REVIEW,1,1,FULL,TRUE
FU018,TH-31,SUCCESS,REJECTED,REVIEW,1,1,FULL,TRUE
TU068,TH-31,SUCCESS,REJECTED,REVIEW,1,1,FULL,TRUE
FP109,TH-31,SUCCESS,REJECTED,REVIEW,1,1,FULL,TRUE
FP118,TH-31,SUCCESS,REJECTED,REVIEW,1,1,FULL,TRUE
FP301,TH-31,SUCCESS,REJECTED,REVIEW,1,1,FULL,TRUE
FP306,TH-31,SUCCESS,REJECTED,REVIEW,1,1,FULL,TRUE
FP317,TH-31,SUCCESS,REJECTED,REVIEW,1,1,FULL,TRUE
FP321,TH-31,SUCCESS,REJECTED,REVIEW,1,1,FULL,TRUE
FP331,TH-31,SUCCESS,REJECTED,REVIEW,1,1,FULL,TRUE
FU064,TH-31,SUCCESS,REJECTED,REVIEW,1,1,FULL,TRUE
FU078,TH-31,SUCCESS,REJECTED,REVIEW,1,1,FULL,TRUE
FPF03,TH-31,SUCCESS,REJECTED,REVIEW,1,1,FULL,TRUE
TPF02,TH-31,FALLBACK,NOT_AVAILABLE,REVIEW,1,1,FULL,TRUE
TUF01,TH-31,SUCCESS,REJECTED,REVIEW,1,1,FULL,TRUE
TUF02,TH-31,SUCCESS,REJECTED,REVIEW,1,1,FULL,TRUE
NPF01,TH-31,SUCCESS,REJECTED,REVIEW,1,1,FULL,TRUE
FPF05,TH-31,SUCCESS,REJECTED,REVIEW,1,1,FULL,TRUE
FPF08,TH-31,NO_SIGNAL,NOT_APPLICABLE,NO_SIGNAL,0,1,PARTIAL,TRUE
FPF09,TH-31,SUCCESS,CONDITIONALLY REJECTED,REVIEW,1,1,FULL,TRUE
NP061,TH-31,SUCCESS,REJECTED,REVIEW,1,1,FULL,TRUE
FP510,TH-31,SUCCESS,REJECTED,REVIEW,1,1,FULL,TRUE
FP607,TH-31,SUCCESS,REJECTED,REVIEW,1,1,FULL,TRUE
NP081,TH-31,SUCCESS,REJECTED,REVIEW,1,1,FULL,TRUE
FP511,TH-31,SUCCESS,REJECTED,REVIEW,1,1,FULL,TRUE
FP512,TH-31,SUCCESS,REJECTED,REVIEW,1,1,FULL,TRUE
TP129,TH-31,SUCCESS,REJECTED,REVIEW,1,1,FULL,TRUE
FP014,TH-34,SUCCESS,ACCEPTED,PASS,1,1,FULL,TRUE
FP019,TH-34,SUCCESS,ACCEPTED,PASS,1,1,FULL,TRUE
FP038,TH-34,SUCCESS,REJECTED,REVIEW,1,1,FULL,TRUE
FU014,TH-34,SUCCESS,REJECTED,REVIEW,1,1,FULL,TRUE
FU015,TH-34,SUCCESS,REJECTED,REVIEW,1,1,FULL,TRUE
FU018,TH-34,SUCCESS,REJECTED,REVIEW,1,1,FULL,TRUE
TU068,TH-34,SUCCESS,REJECTED,REVIEW,1,1,FULL,TRUE
FP109,TH-34,SUCCESS,REJECTED,REVIEW,1,1,FULL,TRUE
FP118,TH-34,SUCCESS,REJECTED,REVIEW,1,1,FULL,TRUE
FP301,TH-34,SUCCESS,REJECTED,REVIEW,1,1,FULL,TRUE
FP306,TH-34,SUCCESS,REJECTED,REVIEW,1,1,FULL,TRUE
FP317,TH-34,SUCCESS,REJECTED,REVIEW,1,1,FULL,TRUE
FP321,TH-34,SUCCESS,REJECTED,REVIEW,1,1,FULL,TRUE
FP331,TH-34,SUCCESS,REJECTED,REVIEW,1,1,FULL,TRUE
FU064,TH-34,SUCCESS,REJECTED,REVIEW,1,1,FULL,TRUE
FU078,TH-34,SUCCESS,REJECTED,REVIEW,1,1,FULL,TRUE
FPF03,TH-34,SUCCESS,REJECTED,REVIEW,1,1,FULL,TRUE
TPF02,TH-34,SUCCESS,REJECTED,REVIEW,1,1,FULL,TRUE
TUF01,TH-34,SUCCESS,REJECTED,REVIEW,1,1,FULL,TRUE
TUF02,TH-34,SUCCESS,REJECTED,REVIEW,1,1,FULL,TRUE
NPF01,TH-34,SUCCESS,REJECTED,REVIEW,1,1,FULL,TRUE
FPF05,TH-34,SUCCESS,REJECTED,REVIEW,1,1,FULL,TRUE
FPF08,TH-34,SUCCESS,REJECTED,REVIEW,1,1,FULL,TRUE
FPF09,TH-34,SUCCESS,REJECTED,REVIEW,1,1,FULL,TRUE
NP061,TH-34,SUCCESS,REJECTED,REVIEW,1,1,FULL,TRUE
FP510,TH-34,SUCCESS,REJECTED,REVIEW,1,1,FULL,TRUE
FP607,TH-34,SUCCESS,REJECTED,REVIEW,1,1,FULL,TRUE
NP081,TH-34,SUCCESS,REJECTED,REVIEW,1,1,FULL,TRUE
FP511,TH-34,SUCCESS,REJECTED,REVIEW,1,1,FULL,TRUE
FP512,TH-34,SUCCESS,REJECTED,REVIEW,1,1,FULL,TRUE
TP129,TH-34,SUCCESS,REJECTED,REVIEW,1,1,FULL,TRUE
FP014,TH-40,SUCCESS,ACCEPTED,PASS,1,1,FULL,TRUE
FP019,TH-40,SUCCESS,ACCEPTED,PASS,1,1,FULL,TRUE
FP038,TH-40,SUCCESS,REJECTED,REVIEW,1,1,FULL,TRUE
FU014,TH-40,SUCCESS,REJECTED,REVIEW,1,1,FULL,TRUE
FU015,TH-40,SUCCESS,REJECTED,REVIEW,1,1,FULL,TRUE
FU018,TH-40,SUCCESS,REJECTED,REVIEW,1,1,FULL,TRUE
TU068,TH-40,SUCCESS,REJECTED,REVIEW,1,1,FULL,TRUE
FP109,TH-40,SUCCESS,REJECTED,REVIEW,1,1,FULL,TRUE
FP118,TH-40,SUCCESS,REJECTED,REVIEW,1,1,FULL,TRUE
FP301,TH-40,SUCCESS,REJECTED,REVIEW,1,1,FULL,TRUE
FP306,TH-40,SUCCESS,REJECTED,REVIEW,1,1,FULL,TRUE
FP317,TH-40,SUCCESS,REJECTED,REVIEW,1,1,FULL,TRUE
FP321,TH-40,SUCCESS,REJECTED,REVIEW,1,1,FULL,TRUE
FP331,TH-40,SUCCESS,REJECTED,REVIEW,1,1,FULL,TRUE
FU064,TH-40,SUCCESS,REJECTED,REVIEW,1,1,FULL,TRUE
FU078,TH-40,SUCCESS,REJECTED,REVIEW,1,1,FULL,TRUE
FPF03,TH-40,SUCCESS,REJECTED,REVIEW,1,1,FULL,TRUE
TPF02,TH-40,SUCCESS,REJECTED,REVIEW,1,1,FULL,TRUE
TUF01,TH-40,SUCCESS,REJECTED,REVIEW,1,1,FULL,TRUE
TUF02,TH-40,FALLBACK,NOT_AVAILABLE,REVIEW,1,1,FULL,TRUE
NPF01,TH-40,SUCCESS,REJECTED,REVIEW,1,1,FULL,TRUE
FPF05,TH-40,SUCCESS,REJECTED,REVIEW,1,1,FULL,TRUE
FPF08,TH-40,SUCCESS,REJECTED,REVIEW,1,1,FULL,TRUE
FPF09,TH-40,SUCCESS,REJECTED,REVIEW,1,1,FULL,TRUE
NP061,TH-40,SUCCESS,REJECTED,REVIEW,1,1,FULL,TRUE
FP510,TH-40,SUCCESS,REJECTED,REVIEW,1,1,FULL,TRUE
FP607,TH-40,SUCCESS,CONDITIONALLY REJECTED,REVIEW,1,1,FULL,TRUE
NP081,TH-40,SUCCESS,REJECTED,REVIEW,1,1,FULL,TRUE
FP511,TH-40,SUCCESS,REJECTED,REVIEW,1,1,FULL,TRUE
FP512,TH-40,SUCCESS,REJECTED,REVIEW,1,1,FULL,TRUE
TP129,TH-40,SUCCESS,REJECTED,REVIEW,1,1,FULL,TRUE
FP014,TH-41,SUCCESS,ACCEPTED,PASS,1,1,FULL,TRUE
FP019,TH-41,SUCCESS,ACCEPTED,PASS,1,1,FULL,TRUE
FP038,TH-41,SUCCESS,REJECTED,REVIEW,1,1,FULL,TRUE
FU014,TH-41,SUCCESS,REJECTED,REVIEW,1,1,FULL,TRUE
FU015,TH-41,SUCCESS,REJECTED,REVIEW,1,1,FULL,TRUE
FU018,TH-41,SUCCESS,REJECTED,REVIEW,1,1,FULL,TRUE
TU068,TH-41,SUCCESS,REJECTED,REVIEW,1,1,FULL,TRUE
FP109,TH-41,SUCCESS,REJECTED,REVIEW,1,1,FULL,TRUE
FP118,TH-41,SUCCESS,REJECTED,REVIEW,1,1,FULL,TRUE
FP301,TH-41,SUCCESS,REJECTED,REVIEW,1,1,FULL,TRUE
FP306,TH-41,SUCCESS,REJECTED,REVIEW,1,1,FULL,TRUE
FP317,TH-41,SUCCESS,REJECTED,REVIEW,1,1,FULL,TRUE
FP321,TH-41,SUCCESS,REJECTED,REVIEW,1,1,FULL,TRUE
FP331,TH-41,SUCCESS,REJECTED,REVIEW,1,1,FULL,TRUE
FU064,TH-41,SUCCESS,REJECTED,REVIEW,1,1,FULL,TRUE
FU078,TH-41,SUCCESS,REJECTED,REVIEW,1,1,FULL,TRUE
FPF03,TH-41,SUCCESS,REJECTED,REVIEW,1,1,FULL,TRUE
TPF02,TH-41,NO_SIGNAL,NOT_APPLICABLE,NO_SIGNAL,0,1,PARTIAL,TRUE
TUF01,TH-41,SUCCESS,REJECTED,REVIEW,1,1,FULL,TRUE
TUF02,TH-41,FALLBACK,NOT_AVAILABLE,REVIEW,1,1,FULL,TRUE
NPF01,TH-41,SUCCESS,REJECTED,REVIEW,1,1,FULL,TRUE
FPF05,TH-41,SUCCESS,REJECTED,REVIEW,1,1,FULL,TRUE
FPF08,TH-41,SUCCESS,REJECTED,REVIEW,1,1,FULL,TRUE
FPF09,TH-41,SUCCESS,REJECTED,REVIEW,1,1,FULL,TRUE
NP061,TH-41,SUCCESS,REJECTED,REVIEW,1,1,FULL,TRUE
FP510,TH-41,SUCCESS,REJECTED,REVIEW,1,1,FULL,TRUE
FP607,TH-41,SUCCESS,REJECTED,REVIEW,1,1,FULL,TRUE
NP081,TH-41,SUCCESS,REJECTED,REVIEW,1,1,FULL,TRUE
FP511,TH-41,SUCCESS,REJECTED,REVIEW,1,1,FULL,TRUE
FP512,TH-41,SUCCESS,REJECTED,REVIEW,1,1,FULL,TRUE
TP129,TH-41,SUCCESS,REJECTED,REVIEW,1,1,FULL,TRUE
