Case_ID,Scope,Tier,Stage,Member_ID,Geo,Status,Pre_Max,Contributors_N,Required_N
FP014,TH,T1,A_MEMBER_GEO,FP014,TH,OK,61.0000000000,1,1
FP014,TH,T1,C_SCOPE,,TH,OK,100.0000000000,1,1
FP014,TH,T1,D_POST_SA,,TH,OK,87.9797865389,1,1
FP019,TH,T1,A_MEMBER_GEO,FP019,TH,OK,58.0000000000,1,1
FP019,TH,T1,C_SCOPE,,TH,OK,100.0000000000,1,1
FP019,TH,T1,D_POST_SA,,TH,OK,89.7506315764,1,1
FP038,TH,T1,A_MEMBER_GEO,FP038,TH,OK,100.0000000000,1,1
FP038,TH,T1,C_SCOPE,,TH,OK,100.0000000000,1,1
FP038,TH,T1,D_POST_SA,,TH,OK,90.7374537172,1,1
FU014,TH,T1,A_MEMBER_GEO,FU014,TH,OK,100.0000000000,1,1
FU014,TH,T1,C_SCOPE,,TH,OK,100.0000000000,1,1
FU014,TH,T1,D_POST_SA,,TH,OK,96.4483263812,1,1
FU015,TH,T1,A_MEMBER_GEO,FU015,TH,OK,100.0000000000,1,1
FU015,TH,T1,C_SCOPE,,TH,OK,100.0000000000,1,1
FU015,TH,T1,D_POST_SA,,TH,OK,92.2137433967,1,1
FU018,TH,T1,A_MEMBER_GEO,FU018,TH,OK,100.0000000000,1,1
FU018,TH,T1,C_SCOPE,,TH,OK,100.0000000000,1,1
FU018,TH,T1,D_POST_SA,,TH,OK,94.3052494000,1,1
TU068,TH,T1,A_MEMBER_GEO,TU068,TH,OK,100.0000000000,1,1
TU068,TH,T1,C_SCOPE,,TH,OK,100.0000000000,1,1
TU068,TH,T1,D_POST_SA,,TH,OK,97.8799754719,1,1
FP109,TH,T1,A_MEMBER_GEO,FP109,TH,OK,95.0000000000,1,1
FP109,TH,T1,C_SCOPE,,TH,OK,100.0000000000,1,1
FP109,TH,T1,D_POST_SA,,TH,OK,85.8304336532,1,1
FP118,TH,T1,A_MEMBER_GEO,FP118,TH,OK,96.0000000000,1,1
FP118,TH,T1,C_SCOPE,,TH,OK,100.0000000000,1,1
FP118,TH,T1,D_POST_SA,,TH,OK,94.2807521359,1,1
FP301,TH,T1,A_MEMBER_GEO,FP301,TH,OK,92.0000000000,1,1
FP301,TH,T1,C_SCOPE,,TH,OK,100.0000000000,1,1
FP301,TH,T1,D_POST_SA,,TH,OK,97.5827856733,1,1
FP306,TH,T1,A_MEMBER_GEO,FP306,TH,OK,100.0000000000,1,1
FP306,TH,T1,C_SCOPE,,TH,OK,100.0000000000,1,1
FP306,TH,T1,D_POST_SA,,TH,OK,96.5956272648,1,1
FP317,TH,T1,A_MEMBER_GEO,FP317,TH,OK,100.0000000000,1,1
FP317,TH,T1,C_SCOPE,,TH,OK,100.0000000000,1,1
FP317,TH,T1,D_POST_SA,,TH,OK,80.5699109514,1,1
FP321,TH,T1,A_MEMBER_GEO,FP321,TH,OK,44.0000000000,1,1
FP321,TH,T1,C_SCOPE,,TH,OK,100.0000000000,1,1
FP321,TH,T1,D_POST_SA,,TH,OK,89.8942909605,1,1
FP331,TH,T1,A_MEMBER_GEO,FP331,TH,OK,51.0000000000,1,1
FP331,TH,T1,C_SCOPE,,TH,OK,100.0000000000,1,1
FP331,TH,T1,D_POST_SA,,TH,OK,90.0161024786,1,1
FU064,TH,T1,A_MEMBER_GEO,FU064,TH,OK,100.0000000000,1,1
FU064,TH,T1,C_SCOPE,,TH,OK,100.0000000000,1,1
FU064,TH,T1,D_POST_SA,,TH,OK,98.0519900971,1,1
FU078,TH,T1,A_MEMBER_GEO,FU078,TH,OK,100.0000000000,1,1
FU078,TH,T1,C_SCOPE,,TH,OK,100.0000000000,1,1
FU078,TH,T1,D_POST_SA,,TH,OK,97.7715671304,1,1
FPF03,TH,T2,A_MEMBER_GEO,FP023,TH,OK,48.0000000000,1,1
FPF03,TH,T2,A_MEMBER_GEO,FP026,TH,OK,100.0000000000,1,1
FPF03,TH,T2,A_MEMBER_GEO,FP108,TH,OK,100.0000000000,1,1
FPF03,TH,T2,B_FAMILY_GEO,,TH,OK,83.3611111111,3,3
FPF03,TH,T2,C_SCOPE,,TH,OK,100.0000000000,1,1
FPF03,TH,T2,D_POST_SA,,TH,OK,90.2574913387,1,1
TPF02,TH,T2,A_MEMBER_GEO,TP010,TH,OK,100.0000000000,1,1
TPF02,TH,T2,A_MEMBER_GEO,TP041,TH,OK,100.0000000000,1,1
TPF02,TH,T2,B_FAMILY_GEO,,TH,OK,90.5000000000,2,2
TPF02,TH,T2,C_SCOPE,,TH,OK,100.0000000000,1,1
TPF02,TH,T2,D_POST_SA,,TH,OK,98.5157228561,1,1
TUF01,TH,T2,A_MEMBER_GEO,TU067,TH,OK,81.0000000000,1,1
TUF01,TH,T2,A_MEMBER_GEO,TU069,TH,OK,100.0000000000,1,1
TUF01,TH,T2,A_MEMBER_GEO,TU070,TH,OK,53.0000000000,1,1
TUF01,TH,T2,A_MEMBER_GEO,TU071,TH,OK,100.0000000000,1,1
TUF01,TH,T2,B_FAMILY_GEO,,TH,OK,65.3796296296,4,4
TUF01,TH,T2,C_SCOPE,,TH,OK,100.0000000000,1,1
TUF01,TH,T2,D_POST_SA,,TH,OK,94.0115362921,1,1
TUF02,TH,T2,A_MEMBER_GEO,TU005,TH,OK,100.0000000000,1,1
TUF02,TH,T2,A_MEMBER_GEO,TU048,TH,OK,100.0000000000,1,1
TUF02,TH,T2,A_MEMBER_GEO,TU062,TH,OK,100.0000000000,1,1
TUF02,TH,T2,B_FAMILY_GEO,,TH,OK,92.6666666667,3,3
TUF02,TH,T2,C_SCOPE,,TH,OK,100.0000000000,1,1
TUF02,TH,T2,D_POST_SA,,TH,OK,88.5254702015,1,1
NPF01,TH,T2,A_MEMBER_GEO,NP023,TH,OK,100.0000000000,1,1
NPF01,TH,T2,A_MEMBER_GEO,NP024,TH,OK,100.0000000000,1,1
NPF01,TH,T2,A_MEMBER_GEO,NP025,TH,OK,100.0000000000,1,1
NPF01,TH,T2,A_MEMBER_GEO,NP044,TH,OK,100.0000000000,1,1
NPF01,TH,T2,B_FAMILY_GEO,,TH,OK,73.2500000000,4,4
NPF01,TH,T2,C_SCOPE,,TH,OK,100.0000000000,1,1
NPF01,TH,T2,D_POST_SA,,TH,OK,89.9183319972,1,1
FPF05,TH,T2,A_MEMBER_GEO,FP111,TH,OK,83.0000000000,1,1
FPF05,TH,T2,A_MEMBER_GEO,FP112,TH,OK,86.0000000000,1,1
FPF05,TH,T2,A_MEMBER_GEO,FP135,TH,OK,36.0000000000,1,1
FPF05,TH,T2,A_MEMBER_GEO,FP153,TH,OK,69.0000000000,1,1
FPF05,TH,T2,A_MEMBER_GEO,FP159,TH,OK,71.0000000000,1,1
FPF05,TH,T2,A_MEMBER_GEO,FP176,TH,OK,54.0000000000,1,1
FPF05,TH,T2,B_FAMILY_GEO,,TH,OK,89.8773552557,6,6
FPF05,TH,T2,C_SCOPE,,TH,OK,100.0000000000,1,1
FPF05,TH,T2,D_POST_SA,,TH,OK,88.0329816833,1,1
FPF08,TH,T2,A_MEMBER_GEO,FP136,TH,OK,100.0000000000,1,1
FPF08,TH,T2,A_MEMBER_GEO,FP169,TH,OK,100.0000000000,1,1
FPF08,TH,T2,B_FAMILY_GEO,,TH,OK,100.0000000000,2,2
FPF08,TH,T2,C_SCOPE,,TH,OK,100.0000000000,1,1
FPF08,TH,T2,D_POST_SA,,TH,OK,72.6076673576,1,1
FPF09,TH,T2,A_MEMBER_GEO,FP302,TH,OK,100.0000000000,1,1
FPF09,TH,T2,A_MEMBER_GEO,FP318,TH,OK,100.0000000000,1,1
FPF09,TH,T2,A_MEMBER_GEO,FP333,TH,OK,65.0000000000,1,1
FPF09,TH,T2,A_MEMBER_GEO,FP334,TH,OK,63.0000000000,1,1
FPF09,TH,T2,B_FAMILY_GEO,,TH,OK,70.5000000000,4,4
FPF09,TH,T2,C_SCOPE,,TH,OK,100.0000000000,1,1
FPF09,TH,T2,D_POST_SA,,TH,OK,83.9362342367,1,1
NP061,TH,T1,A_MEMBER_GEO,NP061,TH,OK,83.0000000000,1,1
NP061,TH,T1,C_SCOPE,,TH,OK,100.0000000000,1,1
NP061,TH,T1,D_POST_SA,,TH,OK,100.5690732550,1,1
FP510,TH,T1,A_MEMBER_GEO,FP510,TH,OK,67.0000000000,1,1
FP510,TH,T1,C_SCOPE,,TH,OK,100.0000000000,1,1
FP510,TH,T1,D_POST_SA,,TH,OK,99.1131779079,1,1
FP607,TH,T1,A_MEMBER_GEO,FP607,TH,OK,94.0000000000,1,1
FP607,TH,T1,C_SCOPE,,TH,OK,100.0000000000,1,1
FP607,TH,T1,D_POST_SA,,TH,OK,92.7345076466,1,1
NP081,TH,T1,A_MEMBER_GEO,NP081,TH,OK,100.0000000000,1,1
NP081,TH,T1,C_SCOPE,,TH,OK,100.0000000000,1,1
NP081,TH,T1,D_POST_SA,,TH,OK,94.6025167934,1,1
FP511,TH,T1,A_MEMBER_GEO,FP511,TH,OK,74.0000000000,1,1
FP511,TH,T1,C_SCOPE,,TH,OK,100.0000000000,1,1
FP511,TH,T1,D_POST_SA,,TH,OK,93.7098530091,1,1
FP512,TH,T1,A_MEMBER_GEO,FP512,TH,OK,100.0000000000,1,1
FP512,TH,T1,C_SCOPE,,TH,OK,100.0000000000,1,1
FP512,TH,T1,D_POST_SA,,TH,OK,95.7767235228,1,1
TP129,TH,T1,A_MEMBER_GEO,TP129,TH,OK,82.0000000000,1,1
TP129,TH,T1,C_SCOPE,,TH,OK,100.0000000000,1,1
TP129,TH,T1,D_POST_SA,,TH,OK,93.5448241011,1,1
FP014,REG_ISAN5,T1,A_MEMBER_GEO,FP014,TH-30,OK,30.0000000000,1,1
FP014,REG_ISAN5,T1,A_MEMBER_GEO,FP014,TH-31,OK,100.0000000000,1,1
FP014,REG_ISAN5,T1,A_MEMBER_GEO,FP014,TH-34,OK,90.0000000000,1,1
FP014,REG_ISAN5,T1,A_MEMBER_GEO,FP014,TH-40,OK,23.0000000000,1,1
FP014,REG_ISAN5,T1,A_MEMBER_GEO,FP014,TH-41,OK,100.0000000000,1,1
FP014,REG_ISAN5,T1,C_SCOPE,,TH-30+TH-31+TH-34+TH-40+TH-41,OK,97.2222222222,5,5
FP014,REG_ISAN5,T1,D_POST_SA,,REG_ISAN5,OK,85.8392904904,1,1
FP019,REG_ISAN5,T1,A_MEMBER_GEO,FP019,TH-30,OK,72.0000000000,1,1
FP019,REG_ISAN5,T1,A_MEMBER_GEO,FP019,TH-31,OK,100.0000000000,1,1
FP019,REG_ISAN5,T1,A_MEMBER_GEO,FP019,TH-34,OK,100.0000000000,1,1
FP019,REG_ISAN5,T1,A_MEMBER_GEO,FP019,TH-40,OK,28.0000000000,1,1
FP019,REG_ISAN5,T1,A_MEMBER_GEO,FP019,TH-41,OK,100.0000000000,1,1
FP019,REG_ISAN5,T1,C_SCOPE,,TH-30+TH-31+TH-34+TH-40+TH-41,OK,92.6111111111,5,5
FP019,REG_ISAN5,T1,D_POST_SA,,REG_ISAN5,OK,83.4364339849,1,1
FP038,REG_ISAN5,T1,A_MEMBER_GEO,FP038,TH-30,OK,100.0000000000,1,1
FP038,REG_ISAN5,T1,A_MEMBER_GEO,FP038,TH-31,OK,100.0000000000,1,1
FP038,REG_ISAN5,T1,A_MEMBER_GEO,FP038,TH-34,OK,100.0000000000,1,1
FP038,REG_ISAN5,T1,A_MEMBER_GEO,FP038,TH-40,OK,100.0000000000,1,1
FP038,REG_ISAN5,T1,A_MEMBER_GEO,FP038,TH-41,OK,100.0000000000,1,1
FP038,REG_ISAN5,T1,C_SCOPE,,TH-30+TH-31+TH-34+TH-40+TH-41,OK,100.0000000000,5,5
FP038,REG_ISAN5,T1,D_POST_SA,,REG_ISAN5,OK,91.9544280634,1,1
FU014,REG_ISAN5,T1,A_MEMBER_GEO,FU014,TH-30,OK,100.0000000000,1,1
FU014,REG_ISAN5,T1,A_MEMBER_GEO,FU014,TH-31,OK,100.0000000000,1,1
FU014,REG_ISAN5,T1,A_MEMBER_GEO,FU014,TH-34,OK,100.0000000000,1,1
FU014,REG_ISAN5,T1,A_MEMBER_GEO,FU014,TH-40,OK,100.0000000000,1,1
FU014,REG_ISAN5,T1,A_MEMBER_GEO,FU014,TH-41,OK,100.0000000000,1,1
FU014,REG_ISAN5,T1,C_SCOPE,,TH-30+TH-31+TH-34+TH-40+TH-41,OK,100.0000000000,5,5
FU014,REG_ISAN5,T1,D_POST_SA,,REG_ISAN5,OK,94.4154212816,1,1
FU015,REG_ISAN5,T1,A_MEMBER_GEO,FU015,TH-30,OK,100.0000000000,1,1
FU015,REG_ISAN5,T1,A_MEMBER_GEO,FU015,TH-31,OK,100.0000000000,1,1
FU015,REG_ISAN5,T1,A_MEMBER_GEO,FU015,TH-34,OK,100.0000000000,1,1
FU015,REG_ISAN5,T1,A_MEMBER_GEO,FU015,TH-40,OK,100.0000000000,1,1
FU015,REG_ISAN5,T1,A_MEMBER_GEO,FU015,TH-41,OK,100.0000000000,1,1
FU015,REG_ISAN5,T1,C_SCOPE,,TH-30+TH-31+TH-34+TH-40+TH-41,OK,47.0000000000,5,5
FU015,REG_ISAN5,T1,D_POST_SA,,REG_ISAN5,OK,100.2307099572,1,1
FU018,REG_ISAN5,T1,A_MEMBER_GEO,FU018,TH-30,OK,100.0000000000,1,1
FU018,REG_ISAN5,T1,A_MEMBER_GEO,FU018,TH-31,OK,100.0000000000,1,1
FU018,REG_ISAN5,T1,A_MEMBER_GEO,FU018,TH-34,OK,100.0000000000,1,1
FU018,REG_ISAN5,T1,A_MEMBER_GEO,FU018,TH-40,OK,100.0000000000,1,1
FU018,REG_ISAN5,T1,A_MEMBER_GEO,FU018,TH-41,OK,100.0000000000,1,1
FU018,REG_ISAN5,T1,C_SCOPE,,TH-30+TH-31+TH-34+TH-40+TH-41,OK,98.6000000000,5,5
FU018,REG_ISAN5,T1,D_POST_SA,,REG_ISAN5,OK,95.2073945904,1,1
TU068,REG_ISAN5,T1,A_MEMBER_GEO,TU068,TH-30,OK,100.0000000000,1,1
TU068,REG_ISAN5,T1,A_MEMBER_GEO,TU068,TH-31,OK,100.0000000000,1,1
TU068,REG_ISAN5,T1,A_MEMBER_GEO,TU068,TH-34,OK,100.0000000000,1,1
TU068,REG_ISAN5,T1,A_MEMBER_GEO,TU068,TH-40,OK,100.0000000000,1,1
TU068,REG_ISAN5,T1,A_MEMBER_GEO,TU068,TH-41,OK,100.0000000000,1,1
TU068,REG_ISAN5,T1,C_SCOPE,,TH-30+TH-31+TH-34+TH-40+TH-41,OK,90.0000000000,5,5
TU068,REG_ISAN5,T1,D_POST_SA,,REG_ISAN5,OK,93.8274970528,1,1
FP109,REG_ISAN5,T1,A_MEMBER_GEO,FP109,TH-30,OK,100.0000000000,1,1
FP109,REG_ISAN5,T1,A_MEMBER_GEO,FP109,TH-31,OK,100.0000000000,1,1
FP109,REG_ISAN5,T1,A_MEMBER_GEO,FP109,TH-34,OK,100.0000000000,1,1
FP109,REG_ISAN5,T1,A_MEMBER_GEO,FP109,TH-40,OK,100.0000000000,1,1
FP109,REG_ISAN5,T1,A_MEMBER_GEO,FP109,TH-41,OK,100.0000000000,1,1
FP109,REG_ISAN5,T1,C_SCOPE,,TH-30+TH-31+TH-34+TH-40+TH-41,OK,74.0000000000,5,5
FP109,REG_ISAN5,T1,D_POST_SA,,REG_ISAN5,OK,81.9032975454,1,1
FP118,REG_ISAN5,T1,A_MEMBER_GEO,FP118,TH-30,OK,100.0000000000,1,1
FP118,REG_ISAN5,T1,A_MEMBER_GEO,FP118,TH-31,OK,100.0000000000,1,1
FP118,REG_ISAN5,T1,A_MEMBER_GEO,FP118,TH-34,OK,100.0000000000,1,1
FP118,REG_ISAN5,T1,A_MEMBER_GEO,FP118,TH-40,OK,100.0000000000,1,1
FP118,REG_ISAN5,T1,A_MEMBER_GEO,FP118,TH-41,OK,100.0000000000,1,1
FP118,REG_ISAN5,T1,C_SCOPE,,TH-30+TH-31+TH-34+TH-40+TH-41,OK,84.2000000000,5,5
FP118,REG_ISAN5,T1,D_POST_SA,,REG_ISAN5,OK,84.9302200286,1,1
FP301,REG_ISAN5,T1,A_MEMBER_GEO,FP301,TH-30,OK,18.0000000000,1,1
FP301,REG_ISAN5,T1,A_MEMBER_GEO,FP301,TH-31,OK,85.0000000000,1,1
FP301,REG_ISAN5,T1,A_MEMBER_GEO,FP301,TH-34,OK,52.0000000000,1,1
FP301,REG_ISAN5,T1,A_MEMBER_GEO,FP301,TH-40,OK,38.0000000000,1,1
FP301,REG_ISAN5,T1,A_MEMBER_GEO,FP301,TH-41,OK,93.0000000000,1,1
FP301,REG_ISAN5,T1,C_SCOPE,,TH-30+TH-31+TH-34+TH-40+TH-41,OK,99.5698924731,5,5
FP301,REG_ISAN5,T1,D_POST_SA,,REG_ISAN5,OK,96.2915518373,1,1
FP306,REG_ISAN5,T1,A_MEMBER_GEO,FP306,TH-30,OK,100.0000000000,1,1
FP306,REG_ISAN5,T1,A_MEMBER_GEO,FP306,TH-31,OK,100.0000000000,1,1
FP306,REG_ISAN5,T1,A_MEMBER_GEO,FP306,TH-34,OK,100.0000000000,1,1
FP306,REG_ISAN5,T1,A_MEMBER_GEO,FP306,TH-40,OK,100.0000000000,1,1
FP306,REG_ISAN5,T1,A_MEMBER_GEO,FP306,TH-41,OK,100.0000000000,1,1
FP306,REG_ISAN5,T1,C_SCOPE,,TH-30+TH-31+TH-34+TH-40+TH-41,OK,93.0000000000,5,5
FP306,REG_ISAN5,T1,D_POST_SA,,REG_ISAN5,OK,95.2029945648,1,1
FP317,REG_ISAN5,T1,A_MEMBER_GEO,FP317,TH-30,OK,33.0000000000,1,1
FP317,REG_ISAN5,T1,A_MEMBER_GEO,FP317,TH-31,OK,100.0000000000,1,1
FP317,REG_ISAN5,T1,A_MEMBER_GEO,FP317,TH-34,OK,32.0000000000,1,1
FP317,REG_ISAN5,T1,A_MEMBER_GEO,FP317,TH-40,OK,39.0000000000,1,1
FP317,REG_ISAN5,T1,A_MEMBER_GEO,FP317,TH-41,OK,100.0000000000,1,1
FP317,REG_ISAN5,T1,C_SCOPE,,TH-30+TH-31+TH-34+TH-40+TH-41,OK,100.0000000000,5,5
FP317,REG_ISAN5,T1,D_POST_SA,,REG_ISAN5,OK,99.0667948394,1,1
FP321,REG_ISAN5,T1,A_MEMBER_GEO,FP321,TH-30,OK,93.0000000000,1,1
FP321,REG_ISAN5,T1,A_MEMBER_GEO,FP321,TH-31,OK,100.0000000000,1,1
FP321,REG_ISAN5,T1,A_MEMBER_GEO,FP321,TH-34,OK,95.0000000000,1,1
FP321,REG_ISAN5,T1,A_MEMBER_GEO,FP321,TH-40,OK,39.0000000000,1,1
FP321,REG_ISAN5,T1,A_MEMBER_GEO,FP321,TH-41,OK,100.0000000000,1,1
FP321,REG_ISAN5,T1,C_SCOPE,,TH-30+TH-31+TH-34+TH-40+TH-41,OK,100.0000000000,5,5
FP321,REG_ISAN5,T1,D_POST_SA,,REG_ISAN5,OK,91.6252958515,1,1
FP331,REG_ISAN5,T1,A_MEMBER_GEO,FP331,TH-30,OK,44.0000000000,1,1
FP331,REG_ISAN5,T1,A_MEMBER_GEO,FP331,TH-31,OK,100.0000000000,1,1
FP331,REG_ISAN5,T1,A_MEMBER_GEO,FP331,TH-34,OK,62.0000000000,1,1
FP331,REG_ISAN5,T1,A_MEMBER_GEO,FP331,TH-40,OK,60.0000000000,1,1
FP331,REG_ISAN5,T1,A_MEMBER_GEO,FP331,TH-41,OK,100.0000000000,1,1
FP331,REG_ISAN5,T1,C_SCOPE,,TH-30+TH-31+TH-34+TH-40+TH-41,OK,90.4000000000,5,5
FP331,REG_ISAN5,T1,D_POST_SA,,REG_ISAN5,OK,105.0829468534,1,1
FU064,REG_ISAN5,T1,A_MEMBER_GEO,FU064,TH-30,OK,100.0000000000,1,1
FU064,REG_ISAN5,T1,A_MEMBER_GEO,FU064,TH-31,OK,100.0000000000,1,1
FU064,REG_ISAN5,T1,A_MEMBER_GEO,FU064,TH-34,OK,100.0000000000,1,1
FU064,REG_ISAN5,T1,A_MEMBER_GEO,FU064,TH-40,OK,100.0000000000,1,1
FU064,REG_ISAN5,T1,A_MEMBER_GEO,FU064,TH-41,OK,100.0000000000,1,1
FU064,REG_ISAN5,T1,C_SCOPE,,TH-30+TH-31+TH-34+TH-40+TH-41,OK,100.0000000000,5,5
FU064,REG_ISAN5,T1,D_POST_SA,,REG_ISAN5,OK,98.5694524061,1,1
FU078,REG_ISAN5,T1,A_MEMBER_GEO,FU078,TH-30,OK,100.0000000000,1,1
FU078,REG_ISAN5,T1,A_MEMBER_GEO,FU078,TH-31,OK,100.0000000000,1,1
FU078,REG_ISAN5,T1,A_MEMBER_GEO,FU078,TH-34,OK,100.0000000000,1,1
FU078,REG_ISAN5,T1,A_MEMBER_GEO,FU078,TH-40,OK,100.0000000000,1,1
FU078,REG_ISAN5,T1,A_MEMBER_GEO,FU078,TH-41,OK,100.0000000000,1,1
FU078,REG_ISAN5,T1,C_SCOPE,,TH-30+TH-31+TH-34+TH-40+TH-41,OK,100.0000000000,5,5
FU078,REG_ISAN5,T1,D_POST_SA,,REG_ISAN5,OK,99.0503936712,1,1
FPF03,REG_ISAN5,T2,A_MEMBER_GEO,FP023,TH-30,NO_SIGNAL,0.0000000000,1,1
FPF03,REG_ISAN5,T2,A_MEMBER_GEO,FP026,TH-30,OK,100.0000000000,1,1
FPF03,REG_ISAN5,T2,A_MEMBER_GEO,FP108,TH-30,OK,100.0000000000,1,1
FPF03,REG_ISAN5,T2,B_FAMILY_GEO,,TH-30,OK,63.6666666667,2,3
FPF03,REG_ISAN5,T2,A_MEMBER_GEO,FP023,TH-31,NO_SIGNAL,0.0000000000,1,1
FPF03,REG_ISAN5,T2,A_MEMBER_GEO,FP026,TH-31,OK,100.0000000000,1,1
FPF03,REG_ISAN5,T2,A_MEMBER_GEO,FP108,TH-31,OK,100.0000000000,1,1
FPF03,REG_ISAN5,T2,B_FAMILY_GEO,,TH-31,OK,33.3333333333,2,3
FPF03,REG_ISAN5,T2,A_MEMBER_GEO,FP023,TH-34,NO_SIGNAL,0.0000000000,1,1
FPF03,REG_ISAN5,T2,A_MEMBER_GEO,FP026,TH-34,OK,100.0000000000,1,1
FPF03,REG_ISAN5,T2,A_MEMBER_GEO,FP108,TH-34,OK,100.0000000000,1,1
FPF03,REG_ISAN5,T2,B_FAMILY_GEO,,TH-34,OK,57.6666666667,2,3
FPF03,REG_ISAN5,T2,A_MEMBER_GEO,FP023,TH-40,NO_SIGNAL,0.0000000000,1,1
FPF03,REG_ISAN5,T2,A_MEMBER_GEO,FP026,TH-40,OK,100.0000000000,1,1
FPF03,REG_ISAN5,T2,A_MEMBER_GEO,FP108,TH-40,OK,100.0000000000,1,1
FPF03,REG_ISAN5,T2,B_FAMILY_GEO,,TH-40,OK,55.3333333333,2,3
FPF03,REG_ISAN5,T2,A_MEMBER_GEO,FP023,TH-41,NO_SIGNAL,0.0000000000,1,1
FPF03,REG_ISAN5,T2,A_MEMBER_GEO,FP026,TH-41,OK,100.0000000000,1,1
FPF03,REG_ISAN5,T2,A_MEMBER_GEO,FP108,TH-41,OK,100.0000000000,1,1
FPF03,REG_ISAN5,T2,B_FAMILY_GEO,,TH-41,OK,51.0000000000,2,3
FPF03,REG_ISAN5,T2,C_SCOPE,,TH-30+TH-31+TH-34+TH-40+TH-41,OK,67.9666651412,5,5
FPF03,REG_ISAN5,T2,D_POST_SA,,REG_ISAN5,OK,97.4111868474,1,1
TPF02,REG_ISAN5,T2,A_MEMBER_GEO,TP010,TH-30,OK,100.0000000000,1,1
TPF02,REG_ISAN5,T2,A_MEMBER_GEO,TP041,TH-30,OK,100.0000000000,1,1
TPF02,REG_ISAN5,T2,B_FAMILY_GEO,,TH-30,OK,50.0000000000,2,2
TPF02,REG_ISAN5,T2,A_MEMBER_GEO,TP010,TH-31,NO_SIGNAL,0.0000000000,1,1
TPF02,REG_ISAN5,T2,A_MEMBER_GEO,TP041,TH-31,OK,100.0000000000,1,1
TPF02,REG_ISAN5,T2,B_FAMILY_GEO,,TH-31,OK,50.0000000000,1,2
TPF02,REG_ISAN5,T2,A_MEMBER_GEO,TP010,TH-34,OK,100.0000000000,1,1
TPF02,REG_ISAN5,T2,A_MEMBER_GEO,TP041,TH-34,OK,100.0000000000,1,1
TPF02,REG_ISAN5,T2,B_FAMILY_GEO,,TH-34,OK,50.0000000000,2,2
TPF02,REG_ISAN5,T2,A_MEMBER_GEO,TP010,TH-40,NO_SIGNAL,0.0000000000,1,1
TPF02,REG_ISAN5,T2,A_MEMBER_GEO,TP041,TH-40,OK,100.0000000000,1,1
TPF02,REG_ISAN5,T2,B_FAMILY_GEO,,TH-40,OK,50.0000000000,1,2
TPF02,REG_ISAN5,T2,A_MEMBER_GEO,TP010,TH-41,NO_SIGNAL,0.0000000000,1,1
TPF02,REG_ISAN5,T2,A_MEMBER_GEO,TP041,TH-41,NO_SIGNAL,0.0000000000,1,1
TPF02,REG_ISAN5,T2,B_FAMILY_GEO,,TH-41,NO_SIGNAL,0.0000000000,0,2
TPF02,REG_ISAN5,T2,C_SCOPE,,TH-30+TH-31+TH-34+TH-40+TH-41,OK,38.2000000000,4,5
TPF02,REG_ISAN5,T2,D_POST_SA,,REG_ISAN5,OK,102.3656410180,1,1
TUF01,REG_ISAN5,T2,A_MEMBER_GEO,TU067,TH-30,OK,100.0000000000,1,1
TUF01,REG_ISAN5,T2,A_MEMBER_GEO,TU069,TH-30,OK,100.0000000000,1,1
TUF01,REG_ISAN5,T2,A_MEMBER_GEO,TU070,TH-30,OK,100.0000000000,1,1
TUF01,REG_ISAN5,T2,A_MEMBER_GEO,TU071,TH-30,OK,100.0000000000,1,1
TUF01,REG_ISAN5,T2,B_FAMILY_GEO,,TH-30,OK,45.2500000000,4,4
TUF01,REG_ISAN5,T2,A_MEMBER_GEO,TU067,TH-31,OK,100.0000000000,1,1
TUF01,REG_ISAN5,T2,A_MEMBER_GEO,TU069,TH-31,NO_SIGNAL,0.0000000000,1,1
TUF01,REG_ISAN5,T2,A_MEMBER_GEO,TU070,TH-31,OK,100.0000000000,1,1
TUF01,REG_ISAN5,T2,A_MEMBER_GEO,TU071,TH-31,OK,100.0000000000,1,1
TUF01,REG_ISAN5,T2,B_FAMILY_GEO,,TH-31,OK,25.0000000000,3,4
TUF01,REG_ISAN5,T2,A_MEMBER_GEO,TU067,TH-34,OK,100.0000000000,1,1
TUF01,REG_ISAN5,T2,A_MEMBER_GEO,TU069,TH-34,OK,100.0000000000,1,1
TUF01,REG_ISAN5,T2,A_MEMBER_GEO,TU070,TH-34,OK,100.0000000000,1,1
TUF01,REG_ISAN5,T2,A_MEMBER_GEO,TU071,TH-34,OK,100.0000000000,1,1
TUF01,REG_ISAN5,T2,B_FAMILY_GEO,,TH-34,OK,43.7500000000,4,4
TUF01,REG_ISAN5,T2,A_MEMBER_GEO,TU067,TH-40,OK,100.0000000000,1,1
TUF01,REG_ISAN5,T2,A_MEMBER_GEO,TU069,TH-40,OK,100.0000000000,1,1
TUF01,REG_ISAN5,T2,A_MEMBER_GEO,TU070,TH-40,OK,100.0000000000,1,1
TUF01,REG_ISAN5,T2,A_MEMBER_GEO,TU071,TH-40,OK,100.0000000000,1,1
TUF01,REG_ISAN5,T2,B_FAMILY_GEO,,TH-40,OK,50.7500000000,4,4
TUF01,REG_ISAN5,T2,A_MEMBER_GEO,TU067,TH-41,OK,100.0000000000,1,1
TUF01,REG_ISAN5,T2,A_MEMBER_GEO,TU069,TH-41,OK,100.0000000000,1,1
TUF01,REG_ISAN5,T2,A_MEMBER_GEO,TU070,TH-41,OK,100.0000000000,1,1
TUF01,REG_ISAN5,T2,A_MEMBER_GEO,TU071,TH-41,OK,100.0000000000,1,1
TUF01,REG_ISAN5,T2,B_FAMILY_GEO,,TH-41,OK,25.0000000000,4,4
TUF01,REG_ISAN5,T2,C_SCOPE,,TH-30+TH-31+TH-34+TH-40+TH-41,OK,58.1527692350,5,5
TUF01,REG_ISAN5,T2,D_POST_SA,,REG_ISAN5,OK,98.9884269835,1,1
TUF02,REG_ISAN5,T2,A_MEMBER_GEO,TU005,TH-30,OK,100.0000000000,1,1
TUF02,REG_ISAN5,T2,A_MEMBER_GEO,TU048,TH-30,OK,100.0000000000,1,1
TUF02,REG_ISAN5,T2,A_MEMBER_GEO,TU062,TH-30,OK,100.0000000000,1,1
TUF02,REG_ISAN5,T2,B_FAMILY_GEO,,TH-30,OK,81.0000000000,3,3
TUF02,REG_ISAN5,T2,A_MEMBER_GEO,TU005,TH-31,OK,100.0000000000,1,1
TUF02,REG_ISAN5,T2,A_MEMBER_GEO,TU048,TH-31,NO_SIGNAL,0.0000000000,1,1
TUF02,REG_ISAN5,T2,A_MEMBER_GEO,TU062,TH-31,OK,100.0000000000,1,1
TUF02,REG_ISAN5,T2,B_FAMILY_GEO,,TH-31,OK,33.3333333333,2,3
TUF02,REG_ISAN5,T2,A_MEMBER_GEO,TU005,TH-34,OK,100.0000000000,1,1
TUF02,REG_ISAN5,T2,A_MEMBER_GEO,TU048,TH-34,OK,100.0000000000,1,1
TUF02,REG_ISAN5,T2,A_MEMBER_GEO,TU062,TH-34,OK,100.0000000000,1,1
TUF02,REG_ISAN5,T2,B_FAMILY_GEO,,TH-34,OK,38.3333333333,3,3
TUF02,REG_ISAN5,T2,A_MEMBER_GEO,TU005,TH-40,OK,100.0000000000,1,1
TUF02,REG_ISAN5,T2,A_MEMBER_GEO,TU048,TH-40,NO_SIGNAL,0.0000000000,1,1
TUF02,REG_ISAN5,T2,A_MEMBER_GEO,TU062,TH-40,NO_SIGNAL,0.0000000000,1,1
TUF02,REG_ISAN5,T2,B_FAMILY_GEO,,TH-40,OK,33.3333333333,1,3
TUF02,REG_ISAN5,T2,A_MEMBER_GEO,TU005,TH-41,OK,100.0000000000,1,1
TUF02,REG_ISAN5,T2,A_MEMBER_GEO,TU048,TH-41,NO_SIGNAL,0.0000000000,1,1
TUF02,REG_ISAN5,T2,A_MEMBER_GEO,TU062,TH-41,NO_SIGNAL,0.0000000000,1,1
TUF02,REG_ISAN5,T2,B_FAMILY_GEO,,TH-41,OK,33.3333333333,1,3
TUF02,REG_ISAN5,T2,C_SCOPE,,TH-30+TH-31+TH-34+TH-40+TH-41,OK,66.4576131687,5,5
TUF02,REG_ISAN5,T2,D_POST_SA,,REG_ISAN5,OK,96.5798169906,1,1
NPF01,REG_ISAN5,T2,A_MEMBER_GEO,NP023,TH-30,OK,100.0000000000,1,1
NPF01,REG_ISAN5,T2,A_MEMBER_GEO,NP024,TH-30,OK,100.0000000000,1,1
NPF01,REG_ISAN5,T2,A_MEMBER_GEO,NP025,TH-30,OK,100.0000000000,1,1
NPF01,REG_ISAN5,T2,A_MEMBER_GEO,NP044,TH-30,NO_SIGNAL,0.0000000000,1,1
NPF01,REG_ISAN5,T2,B_FAMILY_GEO,,TH-30,OK,56.0000000000,3,4
NPF01,REG_ISAN5,T2,A_MEMBER_GEO,NP023,TH-31,OK,100.0000000000,1,1
NPF01,REG_ISAN5,T2,A_MEMBER_GEO,NP024,TH-31,NO_SIGNAL,0.0000000000,1,1
NPF01,REG_ISAN5,T2,A_MEMBER_GEO,NP025,TH-31,NO_SIGNAL,0.0000000000,1,1
NPF01,REG_ISAN5,T2,A_MEMBER_GEO,NP044,TH-31,NO_SIGNAL,0.0000000000,1,1
NPF01,REG_ISAN5,T2,B_FAMILY_GEO,,TH-31,OK,25.0000000000,1,4
NPF01,REG_ISAN5,T2,A_MEMBER_GEO,NP023,TH-34,OK,100.0000000000,1,1
NPF01,REG_ISAN5,T2,A_MEMBER_GEO,NP024,TH-34,NO_SIGNAL,0.0000000000,1,1
NPF01,REG_ISAN5,T2,A_MEMBER_GEO,NP025,TH-34,OK,100.0000000000,1,1
NPF01,REG_ISAN5,T2,A_MEMBER_GEO,NP044,TH-34,OK,100.0000000000,1,1
NPF01,REG_ISAN5,T2,B_FAMILY_GEO,,TH-34,OK,41.2500000000,3,4
NPF01,REG_ISAN5,T2,A_MEMBER_GEO,NP023,TH-40,OK,100.0000000000,1,1
NPF01,REG_ISAN5,T2,A_MEMBER_GEO,NP024,TH-40,NO_SIGNAL,0.0000000000,1,1
NPF01,REG_ISAN5,T2,A_MEMBER_GEO,NP025,TH-40,OK,100.0000000000,1,1
NPF01,REG_ISAN5,T2,A_MEMBER_GEO,NP044,TH-40,NO_SIGNAL,0.0000000000,1,1
NPF01,REG_ISAN5,T2,B_FAMILY_GEO,,TH-40,OK,38.2500000000,2,4
NPF01,REG_ISAN5,T2,A_MEMBER_GEO,NP023,TH-41,OK,100.0000000000,1,1
NPF01,REG_ISAN5,T2,A_MEMBER_GEO,NP024,TH-41,OK,100.0000000000,1,1
NPF01,REG_ISAN5,T2,A_MEMBER_GEO,NP025,TH-41,OK,100.0000000000,1,1
NPF01,REG_ISAN5,T2,A_MEMBER_GEO,NP044,TH-41,NO_SIGNAL,0.0000000000,1,1
NPF01,REG_ISAN5,T2,B_FAMILY_GEO,,TH-41,OK,38.5000000000,3,4
NPF01,REG_ISAN5,T2,C_SCOPE,,TH-30+TH-31+TH-34+TH-40+TH-41,OK,56.7328749682,5,5
NPF01,REG_ISAN5,T2,D_POST_SA,,REG_ISAN5,OK,94.9016098499,1,1
FPF05,REG_ISAN5,T2,A_MEMBER_GEO,FP111,TH-30,OK,60.0000000000,1,1
FPF05,REG_ISAN5,T2,A_MEMBER_GEO,FP112,TH-30,OK,91.0000000000,1,1
FPF05,REG_ISAN5,T2,A_MEMBER_GEO,FP135,TH-30,OK,100.0000000000,1,1
FPF05,REG_ISAN5,T2,A_MEMBER_GEO,FP153,TH-30,OK,100.0000000000,1,1
FPF05,REG_ISAN5,T2,A_MEMBER_GEO,FP159,TH-30,OK,100.0000000000,1,1
FPF05,REG_ISAN5,T2,A_MEMBER_GEO,FP176,TH-30,NO_SIGNAL,0.0000000000,1,1
FPF05,REG_ISAN5,T2,B_FAMILY_GEO,,TH-30,OK,48.9664224664,5,6
FPF05,REG_ISAN5,T2,A_MEMBER_GEO,FP111,TH-31,NO_SIGNAL,0.0000000000,1,1
FPF05,REG_ISAN5,T2,A_MEMBER_GEO,FP112,TH-31,OK,100.0000000000,1,1
FPF05,REG_ISAN5,T2,A_MEMBER_GEO,FP135,TH-31,NO_SIGNAL,0.0000000000,1,1
FPF05,REG_ISAN5,T2,A_MEMBER_GEO,FP153,TH-31,NO_SIGNAL,0.0000000000,1,1
FPF05,REG_ISAN5,T2,A_MEMBER_GEO,FP159,TH-31,OK,100.0000000000,1,1
FPF05,REG_ISAN5,T2,A_MEMBER_GEO,FP176,TH-31,NO_SIGNAL,0.0000000000,1,1
FPF05,REG_ISAN5,T2,B_FAMILY_GEO,,TH-31,OK,16.6666666667,2,6
FPF05,REG_ISAN5,T2,A_MEMBER_GEO,FP111,TH-34,OK,89.0000000000,1,1
FPF05,REG_ISAN5,T2,A_MEMBER_GEO,FP112,TH-34,OK,68.0000000000,1,1
FPF05,REG_ISAN5,T2,A_MEMBER_GEO,FP135,TH-34,NO_SIGNAL,0.0000000000,1,1
FPF05,REG_ISAN5,T2,A_MEMBER_GEO,FP153,TH-34,NO_SIGNAL,0.0000000000,1,1
FPF05,REG_ISAN5,T2,A_MEMBER_GEO,FP159,TH-34,OK,100.0000000000,1,1
FPF05,REG_ISAN5,T2,A_MEMBER_GEO,FP176,TH-34,NO_SIGNAL,0.0000000000,1,1
FPF05,REG_ISAN5,T2,B_FAMILY_GEO,,TH-34,OK,25.2450980392,3,6
FPF05,REG_ISAN5,T2,A_MEMBER_GEO,FP111,TH-40,OK,66.0000000000,1,1
FPF05,REG_ISAN5,T2,A_MEMBER_GEO,FP112,TH-40,OK,100.0000000000,1,1
FPF05,REG_ISAN5,T2,A_MEMBER_GEO,FP135,TH-40,OK,100.0000000000,1,1
FPF05,REG_ISAN5,T2,A_MEMBER_GEO,FP153,TH-40,OK,91.0000000000,1,1
FPF05,REG_ISAN5,T2,A_MEMBER_GEO,FP159,TH-40,OK,100.0000000000,1,1
FPF05,REG_ISAN5,T2,A_MEMBER_GEO,FP176,TH-40,NO_SIGNAL,0.0000000000,1,1
FPF05,REG_ISAN5,T2,B_FAMILY_GEO,,TH-40,OK,72.8333333333,5,6
FPF05,REG_ISAN5,T2,A_MEMBER_GEO,FP111,TH-41,OK,100.0000000000,1,1
FPF05,REG_ISAN5,T2,A_MEMBER_GEO,FP112,TH-41,OK,100.0000000000,1,1
FPF05,REG_ISAN5,T2,A_MEMBER_GEO,FP135,TH-41,NO_SIGNAL,0.0000000000,1,1
FPF05,REG_ISAN5,T2,A_MEMBER_GEO,FP153,TH-41,OK,100.0000000000,1,1
FPF05,REG_ISAN5,T2,A_MEMBER_GEO,FP159,TH-41,OK,100.0000000000,1,1
FPF05,REG_ISAN5,T2,A_MEMBER_GEO,FP176,TH-41,NO_SIGNAL,0.0000000000,1,1
FPF05,REG_ISAN5,T2,B_FAMILY_GEO,,TH-41,OK,25.0000000000,4,6
FPF05,REG_ISAN5,T2,C_SCOPE,,TH-30+TH-31+TH-34+TH-40+TH-41,OK,56.8593711829,5,5
FPF05,REG_ISAN5,T2,D_POST_SA,,REG_ISAN5,OK,78.0220951816,1,1
FPF08,REG_ISAN5,T2,A_MEMBER_GEO,FP136,TH-30,OK,81.0000000000,1,1
FPF08,REG_ISAN5,T2,A_MEMBER_GEO,FP169,TH-30,OK,100.0000000000,1,1
FPF08,REG_ISAN5,T2,B_FAMILY_GEO,,TH-30,OK,96.9135802469,2,2
FPF08,REG_ISAN5,T2,A_MEMBER_GEO,FP136,TH-31,NO_SIGNAL,0.0000000000,1,1
FPF08,REG_ISAN5,T2,A_MEMBER_GEO,FP169,TH-31,NO_SIGNAL,0.0000000000,1,1
FPF08,REG_ISAN5,T2,B_FAMILY_GEO,,TH-31,NO_SIGNAL,0.0000000000,0,2
FPF08,REG_ISAN5,T2,A_MEMBER_GEO,FP136,TH-34,OK,100.0000000000,1,1
FPF08,REG_ISAN5,T2,A_MEMBER_GEO,FP169,TH-34,OK,100.0000000000,1,1
FPF08,REG_ISAN5,T2,B_FAMILY_GEO,,TH-34,OK,92.0000000000,2,2
FPF08,REG_ISAN5,T2,A_MEMBER_GEO,FP136,TH-40,OK,100.0000000000,1,1
FPF08,REG_ISAN5,T2,A_MEMBER_GEO,FP169,TH-40,OK,100.0000000000,1,1
FPF08,REG_ISAN5,T2,B_FAMILY_GEO,,TH-40,OK,80.5000000000,2,2
FPF08,REG_ISAN5,T2,A_MEMBER_GEO,FP136,TH-41,OK,100.0000000000,1,1
FPF08,REG_ISAN5,T2,A_MEMBER_GEO,FP169,TH-41,OK,100.0000000000,1,1
FPF08,REG_ISAN5,T2,B_FAMILY_GEO,,TH-41,OK,50.0000000000,2,2
FPF08,REG_ISAN5,T2,C_SCOPE,,TH-30+TH-31+TH-34+TH-40+TH-41,OK,75.2795031056,4,5
FPF08,REG_ISAN5,T2,D_POST_SA,,REG_ISAN5,OK,58.5787821488,1,1
FPF09,REG_ISAN5,T2,A_MEMBER_GEO,FP302,TH-30,OK,48.0000000000,1,1
FPF09,REG_ISAN5,T2,A_MEMBER_GEO,FP318,TH-30,OK,53.0000000000,1,1
FPF09,REG_ISAN5,T2,A_MEMBER_GEO,FP333,TH-30,OK,65.0000000000,1,1
FPF09,REG_ISAN5,T2,A_MEMBER_GEO,FP334,TH-30,OK,72.0000000000,1,1
FPF09,REG_ISAN5,T2,B_FAMILY_GEO,,TH-30,OK,82.0446298984,4,4
FPF09,REG_ISAN5,T2,A_MEMBER_GEO,FP302,TH-31,OK,72.0000000000,1,1
FPF09,REG_ISAN5,T2,A_MEMBER_GEO,FP318,TH-31,OK,100.0000000000,1,1
FPF09,REG_ISAN5,T2,A_MEMBER_GEO,FP333,TH-31,OK,86.0000000000,1,1
FPF09,REG_ISAN5,T2,A_MEMBER_GEO,FP334,TH-31,OK,100.0000000000,1,1
FPF09,REG_ISAN5,T2,B_FAMILY_GEO,,TH-31,OK,49.5962532300,4,4
FPF09,REG_ISAN5,T2,A_MEMBER_GEO,FP302,TH-34,OK,63.0000000000,1,1
FPF09,REG_ISAN5,T2,A_MEMBER_GEO,FP318,TH-34,OK,47.0000000000,1,1
FPF09,REG_ISAN5,T2,A_MEMBER_GEO,FP333,TH-34,OK,97.0000000000,1,1
FPF09,REG_ISAN5,T2,A_MEMBER_GEO,FP334,TH-34,OK,80.0000000000,1,1
FPF09,REG_ISAN5,T2,B_FAMILY_GEO,,TH-34,OK,69.9093314027,4,4
FPF09,REG_ISAN5,T2,A_MEMBER_GEO,FP302,TH-40,OK,48.0000000000,1,1
FPF09,REG_ISAN5,T2,A_MEMBER_GEO,FP318,TH-40,OK,60.0000000000,1,1
FPF09,REG_ISAN5,T2,A_MEMBER_GEO,FP333,TH-40,OK,81.0000000000,1,1
FPF09,REG_ISAN5,T2,A_MEMBER_GEO,FP334,TH-40,OK,84.0000000000,1,1
FPF09,REG_ISAN5,T2,B_FAMILY_GEO,,TH-40,OK,70.2965167549,4,4
FPF09,REG_ISAN5,T2,A_MEMBER_GEO,FP302,TH-41,OK,90.0000000000,1,1
FPF09,REG_ISAN5,T2,A_MEMBER_GEO,FP318,TH-41,OK,100.0000000000,1,1
FPF09,REG_ISAN5,T2,A_MEMBER_GEO,FP333,TH-41,OK,100.0000000000,1,1
FPF09,REG_ISAN5,T2,A_MEMBER_GEO,FP334,TH-41,OK,100.0000000000,1,1
FPF09,REG_ISAN5,T2,B_FAMILY_GEO,,TH-41,OK,68.3611111111,4,4
FPF09,REG_ISAN5,T2,C_SCOPE,,TH-30+TH-31+TH-34+TH-40+TH-41,OK,87.8935548501,5,5
FPF09,REG_ISAN5,T2,D_POST_SA,,REG_ISAN5,OK,81.0034735111,1,1
NP061,REG_ISAN5,T1,A_MEMBER_GEO,NP061,TH-30,OK,71.0000000000,1,1
NP061,REG_ISAN5,T1,A_MEMBER_GEO,NP061,TH-31,OK,94.0000000000,1,1
NP061,REG_ISAN5,T1,A_MEMBER_GEO,NP061,TH-34,OK,74.0000000000,1,1
NP061,REG_ISAN5,T1,A_MEMBER_GEO,NP061,TH-40,OK,82.0000000000,1,1
NP061,REG_ISAN5,T1,A_MEMBER_GEO,NP061,TH-41,OK,100.0000000000,1,1
NP061,REG_ISAN5,T1,C_SCOPE,,TH-30+TH-31+TH-34+TH-40+TH-41,OK,93.8453554748,5,5
NP061,REG_ISAN5,T1,D_POST_SA,,REG_ISAN5,OK,101.2325824199,1,1
FP510,REG_ISAN5,T1,A_MEMBER_GEO,FP510,TH-30,OK,86.0000000000,1,1
FP510,REG_ISAN5,T1,A_MEMBER_GEO,FP510,TH-31,OK,88.0000000000,1,1
FP510,REG_ISAN5,T1,A_MEMBER_GEO,FP510,TH-34,OK,100.0000000000,1,1
FP510,REG_ISAN5,T1,A_MEMBER_GEO,FP510,TH-40,OK,80.0000000000,1,1
FP510,REG_ISAN5,T1,A_MEMBER_GEO,FP510,TH-41,OK,100.0000000000,1,1
FP510,REG_ISAN5,T1,C_SCOPE,,TH-30+TH-31+TH-34+TH-40+TH-41,OK,80.7917547569,5,5
FP510,REG_ISAN5,T1,D_POST_SA,,REG_ISAN5,OK,99.6385851145,1,1
FP607,REG_ISAN5,T1,A_MEMBER_GEO,FP607,TH-30,OK,58.0000000000,1,1
FP607,REG_ISAN5,T1,A_MEMBER_GEO,FP607,TH-31,OK,78.0000000000,1,1
FP607,REG_ISAN5,T1,A_MEMBER_GEO,FP607,TH-34,OK,76.0000000000,1,1
FP607,REG_ISAN5,T1,A_MEMBER_GEO,FP607,TH-40,OK,59.0000000000,1,1
FP607,REG_ISAN5,T1,A_MEMBER_GEO,FP607,TH-41,OK,100.0000000000,1,1
FP607,REG_ISAN5,T1,C_SCOPE,,TH-30+TH-31+TH-34+TH-40+TH-41,OK,83.8294534610,5,5
FP607,REG_ISAN5,T1,D_POST_SA,,REG_ISAN5,OK,94.4089776838,1,1
NP081,REG_ISAN5,T1,A_MEMBER_GEO,NP081,TH-30,OK,100.0000000000,1,1
NP081,REG_ISAN5,T1,A_MEMBER_GEO,NP081,TH-31,OK,100.0000000000,1,1
NP081,REG_ISAN5,T1,A_MEMBER_GEO,NP081,TH-34,OK,100.0000000000,1,1
NP081,REG_ISAN5,T1,A_MEMBER_GEO,NP081,TH-40,OK,100.0000000000,1,1
NP081,REG_ISAN5,T1,A_MEMBER_GEO,NP081,TH-41,OK,100.0000000000,1,1
NP081,REG_ISAN5,T1,C_SCOPE,,TH-30+TH-31+TH-34+TH-40+TH-41,OK,88.6000000000,5,5
NP081,REG_ISAN5,T1,D_POST_SA,,REG_ISAN5,OK,94.0933940749,1,1
FP511,REG_ISAN5,T1,A_MEMBER_GEO,FP511,TH-30,OK,89.0000000000,1,1
FP511,REG_ISAN5,T1,A_MEMBER_GEO,FP511,TH-31,OK,100.0000000000,1,1
FP511,REG_ISAN5,T1,A_MEMBER_GEO,FP511,TH-34,OK,79.0000000000,1,1
FP511,REG_ISAN5,T1,A_MEMBER_GEO,FP511,TH-40,OK,100.0000000000,1,1
FP511,REG_ISAN5,T1,A_MEMBER_GEO,FP511,TH-41,OK,100.0000000000,1,1
FP511,REG_ISAN5,T1,C_SCOPE,,TH-30+TH-31+TH-34+TH-40+TH-41,OK,59.2354430380,5,5
FP511,REG_ISAN5,T1,D_POST_SA,,REG_ISAN5,OK,85.0667243847,1,1
FP512,REG_ISAN5,T1,A_MEMBER_GEO,FP512,TH-30,OK,100.0000000000,1,1
FP512,REG_ISAN5,T1,A_MEMBER_GEO,FP512,TH-31,OK,100.0000000000,1,1
FP512,REG_ISAN5,T1,A_MEMBER_GEO,FP512,TH-34,OK,100.0000000000,1,1
FP512,REG_ISAN5,T1,A_MEMBER_GEO,FP512,TH-40,OK,100.0000000000,1,1
FP512,REG_ISAN5,T1,A_MEMBER_GEO,FP512,TH-41,OK,100.0000000000,1,1
FP512,REG_ISAN5,T1,C_SCOPE,,TH-30+TH-31+TH-34+TH-40+TH-41,OK,65.0000000000,5,5
FP512,REG_ISAN5,T1,D_POST_SA,,REG_ISAN5,OK,95.1771565129,1,1
TP129,REG_ISAN5,T1,A_MEMBER_GEO,TP129,TH-30,OK,85.0000000000,1,1
TP129,REG_ISAN5,T1,A_MEMBER_GEO,TP129,TH-31,OK,100.0000000000,1,1
TP129,REG_ISAN5,T1,A_MEMBER_GEO,TP129,TH-34,OK,50.0000000000,1,1
TP129,REG_ISAN5,T1,A_MEMBER_GEO,TP129,TH-40,OK,100.0000000000,1,1
TP129,REG_ISAN5,T1,A_MEMBER_GEO,TP129,TH-41,OK,100.0000000000,1,1
TP129,REG_ISAN5,T1,C_SCOPE,,TH-30+TH-31+TH-34+TH-40+TH-41,OK,81.8588235294,5,5
TP129,REG_ISAN5,T1,D_POST_SA,,REG_ISAN5,OK,100.0783393438,1,1
FP014,TH-30,T1,A_MEMBER_GEO,FP014,TH-30,OK,30.0000000000,1,1
FP014,TH-30,T1,C_SCOPE,,TH-30,OK,100.0000000000,1,1
FP014,TH-30,T1,D_POST_SA,,TH-30,OK,91.6392759390,1,1
FP019,TH-30,T1,A_MEMBER_GEO,FP019,TH-30,OK,72.0000000000,1,1
FP019,TH-30,T1,C_SCOPE,,TH-30,OK,100.0000000000,1,1
FP019,TH-30,T1,D_POST_SA,,TH-30,OK,88.9624034086,1,1
FP038,TH-30,T1,A_MEMBER_GEO,FP038,TH-30,OK,100.0000000000,1,1
FP038,TH-30,T1,C_SCOPE,,TH-30,OK,100.0000000000,1,1
FP038,TH-30,T1,D_POST_SA,,TH-30,OK,91.1350608935,1,1
FU014,TH-30,T1,A_MEMBER_GEO,FU014,TH-30,OK,100.0000000000,1,1
FU014,TH-30,T1,C_SCOPE,,TH-30,OK,100.0000000000,1,1
FU014,TH-30,T1,D_POST_SA,,TH-30,OK,93.7826390944,1,1
FU015,TH-30,T1,A_MEMBER_GEO,FU015,TH-30,OK,100.0000000000,1,1
FU015,TH-30,T1,C_SCOPE,,TH-30,OK,100.0000000000,1,1
FU015,TH-30,T1,D_POST_SA,,TH-30,OK,101.5129808986,1,1
FU018,TH-30,T1,A_MEMBER_GEO,FU018,TH-30,OK,100.0000000000,1,1
FU018,TH-30,T1,C_SCOPE,,TH-30,OK,100.0000000000,1,1
FU018,TH-30,T1,D_POST_SA,,TH-30,OK,97.3836229765,1,1
TU068,TH-30,T1,A_MEMBER_GEO,TU068,TH-30,OK,100.0000000000,1,1
TU068,TH-30,T1,C_SCOPE,,TH-30,OK,100.0000000000,1,1
TU068,TH-30,T1,D_POST_SA,,TH-30,OK,93.0292297724,1,1
FP109,TH-30,T1,A_MEMBER_GEO,FP109,TH-30,OK,100.0000000000,1,1
FP109,TH-30,T1,C_SCOPE,,TH-30,OK,100.0000000000,1,1
FP109,TH-30,T1,D_POST_SA,,TH-30,OK,93.6506345399,1,1
FP118,TH-30,T1,A_MEMBER_GEO,FP118,TH-30,OK,100.0000000000,1,1
FP118,TH-30,T1,C_SCOPE,,TH-30,OK,100.0000000000,1,1
FP118,TH-30,T1,D_POST_SA,,TH-30,OK,92.8744353596,1,1
FP301,TH-30,T1,A_MEMBER_GEO,FP301,TH-30,OK,18.0000000000,1,1
FP301,TH-30,T1,C_SCOPE,,TH-30,OK,100.0000000000,1,1
FP301,TH-30,T1,D_POST_SA,,TH-30,OK,106.1560511089,1,1
FP306,TH-30,T1,A_MEMBER_GEO,FP306,TH-30,OK,100.0000000000,1,1
FP306,TH-30,T1,C_SCOPE,,TH-30,OK,100.0000000000,1,1
FP306,TH-30,T1,D_POST_SA,,TH-30,OK,95.4147941411,1,1
FP317,TH-30,T1,A_MEMBER_GEO,FP317,TH-30,OK,33.0000000000,1,1
FP317,TH-30,T1,C_SCOPE,,TH-30,OK,100.0000000000,1,1
FP317,TH-30,T1,D_POST_SA,,TH-30,OK,97.2076219456,1,1
FP321,TH-30,T1,A_MEMBER_GEO,FP321,TH-30,OK,93.0000000000,1,1
FP321,TH-30,T1,C_SCOPE,,TH-30,OK,100.0000000000,1,1
FP321,TH-30,T1,D_POST_SA,,TH-30,OK,90.9948496767,1,1
FP331,TH-30,T1,A_MEMBER_GEO,FP331,TH-30,OK,44.0000000000,1,1
FP331,TH-30,T1,C_SCOPE,,TH-30,OK,100.0000000000,1,1
FP331,TH-30,T1,D_POST_SA,,TH-30,OK,102.6176311546,1,1
FU064,TH-30,T1,A_MEMBER_GEO,FU064,TH-30,OK,100.0000000000,1,1
FU064,TH-30,T1,C_SCOPE,,TH-30,OK,100.0000000000,1,1
FU064,TH-30,T1,D_POST_SA,,TH-30,OK,98.2576705509,1,1
FU078,TH-30,T1,A_MEMBER_GEO,FU078,TH-30,OK,100.0000000000,1,1
FU078,TH-30,T1,C_SCOPE,,TH-30,OK,100.0000000000,1,1
FU078,TH-30,T1,D_POST_SA,,TH-30,OK,98.3157511175,1,1
FPF03,TH-30,T2,A_MEMBER_GEO,FP023,TH-30,NO_SIGNAL,0.0000000000,1,1
FPF03,TH-30,T2,A_MEMBER_GEO,FP026,TH-30,OK,100.0000000000,1,1
FPF03,TH-30,T2,A_MEMBER_GEO,FP108,TH-30,OK,100.0000000000,1,1
FPF03,TH-30,T2,B_FAMILY_GEO,,TH-30,OK,63.6666666667,2,3
FPF03,TH-30,T2,C_SCOPE,,TH-30,OK,100.0000000000,1,1
FPF03,TH-30,T2,D_POST_SA,,TH-30,OK,95.4585935798,1,1
TPF02,TH-30,T2,A_MEMBER_GEO,TP010,TH-30,OK,100.0000000000,1,1
TPF02,TH-30,T2,A_MEMBER_GEO,TP041,TH-30,OK,100.0000000000,1,1
TPF02,TH-30,T2,B_FAMILY_GEO,,TH-30,OK,50.0000000000,2,2
TPF02,TH-30,T2,C_SCOPE,,TH-30,OK,100.0000000000,1,1
TPF02,TH-30,T2,D_POST_SA,,TH-30,OK,114.4961488075,1,1
TUF01,TH-30,T2,A_MEMBER_GEO,TU067,TH-30,OK,100.0000000000,1,1
TUF01,TH-30,T2,A_MEMBER_GEO,TU069,TH-30,OK,100.0000000000,1,1
TUF01,TH-30,T2,A_MEMBER_GEO,TU070,TH-30,OK,100.0000000000,1,1
TUF01,TH-30,T2,A_MEMBER_GEO,TU071,TH-30,OK,100.0000000000,1,1
TUF01,TH-30,T2,B_FAMILY_GEO,,TH-30,OK,45.2500000000,4,4
TUF01,TH-30,T2,C_SCOPE,,TH-30,OK,100.0000000000,1,1
TUF01,TH-30,T2,D_POST_SA,,TH-30,OK,91.6431318220,1,1
TUF02,TH-30,T2,A_MEMBER_GEO,TU005,TH-30,OK,100.0000000000,1,1
TUF02,TH-30,T2,A_MEMBER_GEO,TU048,TH-30,OK,100.0000000000,1,1
TUF02,TH-30,T2,A_MEMBER_GEO,TU062,TH-30,OK,100.0000000000,1,1
TUF02,TH-30,T2,B_FAMILY_GEO,,TH-30,OK,81.0000000000,3,3
TUF02,TH-30,T2,C_SCOPE,,TH-30,OK,100.0000000000,1,1
TUF02,TH-30,T2,D_POST_SA,,TH-30,OK,98.8162283092,1,1
NPF01,TH-30,T2,A_MEMBER_GEO,NP023,TH-30,OK,100.0000000000,1,1
NPF01,TH-30,T2,A_MEMBER_GEO,NP024,TH-30,OK,100.0000000000,1,1
NPF01,TH-30,T2,A_MEMBER_GEO,NP025,TH-30,OK,100.0000000000,1,1
NPF01,TH-30,T2,A_MEMBER_GEO,NP044,TH-30,NO_SIGNAL,0.0000000000,1,1
NPF01,TH-30,T2,B_FAMILY_GEO,,TH-30,OK,56.0000000000,3,4
NPF01,TH-30,T2,C_SCOPE,,TH-30,OK,100.0000000000,1,1
NPF01,TH-30,T2,D_POST_SA,,TH-30,OK,87.4526664702,1,1
FPF05,TH-30,T2,A_MEMBER_GEO,FP111,TH-30,OK,60.0000000000,1,1
FPF05,TH-30,T2,A_MEMBER_GEO,FP112,TH-30,OK,91.0000000000,1,1
FPF05,TH-30,T2,A_MEMBER_GEO,FP135,TH-30,OK,100.0000000000,1,1
FPF05,TH-30,T2,A_MEMBER_GEO,FP153,TH-30,OK,100.0000000000,1,1
FPF05,TH-30,T2,A_MEMBER_GEO,FP159,TH-30,OK,100.0000000000,1,1
FPF05,TH-30,T2,A_MEMBER_GEO,FP176,TH-30,NO_SIGNAL,0.0000000000,1,1
FPF05,TH-30,T2,B_FAMILY_GEO,,TH-30,OK,48.9664224664,5,6
FPF05,TH-30,T2,C_SCOPE,,TH-30,OK,100.0000000000,1,1
FPF05,TH-30,T2,D_POST_SA,,TH-30,OK,99.1289428232,1,1
FPF08,TH-30,T2,A_MEMBER_GEO,FP136,TH-30,OK,81.0000000000,1,1
FPF08,TH-30,T2,A_MEMBER_GEO,FP169,TH-30,OK,100.0000000000,1,1
FPF08,TH-30,T2,B_FAMILY_GEO,,TH-30,OK,96.9135802469,2,2
FPF08,TH-30,T2,C_SCOPE,,TH-30,OK,100.0000000000,1,1
FPF08,TH-30,T2,D_POST_SA,,TH-30,OK,59.4331761653,1,1
FPF09,TH-30,T2,A_MEMBER_GEO,FP302,TH-30,OK,48.0000000000,1,1
FPF09,TH-30,T2,A_MEMBER_GEO,FP318,TH-30,OK,53.0000000000,1,1
FPF09,TH-30,T2,A_MEMBER_GEO,FP333,TH-30,OK,65.0000000000,1,1
FPF09,TH-30,T2,A_MEMBER_GEO,FP334,TH-30,OK,72.0000000000,1,1
FPF09,TH-30,T2,B_FAMILY_GEO,,TH-30,OK,82.0446298984,4,4
FPF09,TH-30,T2,C_SCOPE,,TH-30,OK,100.0000000000,1,1
FPF09,TH-30,T2,D_POST_SA,,TH-30,OK,83.0061900088,1,1
NP061,TH-30,T1,A_MEMBER_GEO,NP061,TH-30,OK,71.0000000000,1,1
NP061,TH-30,T1,C_SCOPE,,TH-30,OK,100.0000000000,1,1
NP061,TH-30,T1,D_POST_SA,,TH-30,OK,96.5199214565,1,1
FP510,TH-30,T1,A_MEMBER_GEO,FP510,TH-30,OK,86.0000000000,1,1
FP510,TH-30,T1,C_SCOPE,,TH-30,OK,100.0000000000,1,1
FP510,TH-30,T1,D_POST_SA,,TH-30,OK,100.0563463431,1,1
FP607,TH-30,T1,A_MEMBER_GEO,FP607,TH-30,OK,58.0000000000,1,1
FP607,TH-30,T1,C_SCOPE,,TH-30,OK,100.0000000000,1,1
FP607,TH-30,T1,D_POST_SA,,TH-30,OK,93.4953538904,1,1
NP081,TH-30,T1,A_MEMBER_GEO,NP081,TH-30,OK,100.0000000000,1,1
NP081,TH-30,T1,C_SCOPE,,TH-30,OK,100.0000000000,1,1
NP081,TH-30,T1,D_POST_SA,,TH-30,OK,105.7070459394,1,1
FP511,TH-30,T1,A_MEMBER_GEO,FP511,TH-30,OK,89.0000000000,1,1
FP511,TH-30,T1,C_SCOPE,,TH-30,OK,100.0000000000,1,1
FP511,TH-30,T1,D_POST_SA,,TH-30,OK,95.7455762802,1,1
FP512,TH-30,T1,A_MEMBER_GEO,FP512,TH-30,OK,100.0000000000,1,1
FP512,TH-30,T1,C_SCOPE,,TH-30,OK,100.0000000000,1,1
FP512,TH-30,T1,D_POST_SA,,TH-30,OK,98.5921795485,1,1
TP129,TH-30,T1,A_MEMBER_GEO,TP129,TH-30,OK,85.0000000000,1,1
TP129,TH-30,T1,C_SCOPE,,TH-30,OK,100.0000000000,1,1
TP129,TH-30,T1,D_POST_SA,,TH-30,OK,98.7175977037,1,1
FP014,TH-31,T1,A_MEMBER_GEO,FP014,TH-31,OK,100.0000000000,1,1
FP014,TH-31,T1,C_SCOPE,,TH-31,OK,100.0000000000,1,1
FP014,TH-31,T1,D_POST_SA,,TH-31,OK,90.0776443197,1,1
FP019,TH-31,T1,A_MEMBER_GEO,FP019,TH-31,OK,100.0000000000,1,1
FP019,TH-31,T1,C_SCOPE,,TH-31,OK,100.0000000000,1,1
FP019,TH-31,T1,D_POST_SA,,TH-31,OK,81.3836288075,1,1
FP038,TH-31,T1,A_MEMBER_GEO,FP038,TH-31,OK,100.0000000000,1,1
FP038,TH-31,T1,C_SCOPE,,TH-31,OK,100.0000000000,1,1
FP038,TH-31,T1,D_POST_SA,,TH-31,OK,92.2373742292,1,1
FU014,TH-31,T1,A_MEMBER_GEO,FU014,TH-31,OK,100.0000000000,1,1
FU014,TH-31,T1,C_SCOPE,,TH-31,OK,100.0000000000,1,1
FU014,TH-31,T1,D_POST_SA,,TH-31,OK,93.0698301365,1,1
FU015,TH-31,T1,A_MEMBER_GEO,FU015,TH-31,OK,100.0000000000,1,1
FU015,TH-31,T1,C_SCOPE,,TH-31,OK,100.0000000000,1,1
FU015,TH-31,T1,D_POST_SA,,TH-31,OK,96.7642273000,1,1
FU018,TH-31,T1,A_MEMBER_GEO,FU018,TH-31,OK,100.0000000000,1,1
FU018,TH-31,T1,C_SCOPE,,TH-31,OK,100.0000000000,1,1
FU018,TH-31,T1,D_POST_SA,,TH-31,OK,88.9853329315,1,1
TU068,TH-31,T1,A_MEMBER_GEO,TU068,TH-31,OK,100.0000000000,1,1
TU068,TH-31,T1,C_SCOPE,,TH-31,OK,100.0000000000,1,1
TU068,TH-31,T1,D_POST_SA,,TH-31,OK,98.4512141080,1,1
FP109,TH-31,T1,A_MEMBER_GEO,FP109,TH-31,OK,100.0000000000,1,1
FP109,TH-31,T1,C_SCOPE,,TH-31,OK,100.0000000000,1,1
FP109,TH-31,T1,D_POST_SA,,TH-31,OK,98.3322466397,1,1
FP118,TH-31,T1,A_MEMBER_GEO,FP118,TH-31,OK,100.0000000000,1,1
FP118,TH-31,T1,C_SCOPE,,TH-31,OK,100.0000000000,1,1
FP118,TH-31,T1,D_POST_SA,,TH-31,OK,94.7966575159,1,1
FP301,TH-31,T1,A_MEMBER_GEO,FP301,TH-31,OK,85.0000000000,1,1
FP301,TH-31,T1,C_SCOPE,,TH-31,OK,100.0000000000,1,1
FP301,TH-31,T1,D_POST_SA,,TH-31,OK,101.0417243002,1,1
FP306,TH-31,T1,A_MEMBER_GEO,FP306,TH-31,OK,100.0000000000,1,1
FP306,TH-31,T1,C_SCOPE,,TH-31,OK,100.0000000000,1,1
FP306,TH-31,T1,D_POST_SA,,TH-31,OK,99.2414236596,1,1
FP317,TH-31,T1,A_MEMBER_GEO,FP317,TH-31,OK,100.0000000000,1,1
FP317,TH-31,T1,C_SCOPE,,TH-31,OK,100.0000000000,1,1
FP317,TH-31,T1,D_POST_SA,,TH-31,OK,97.4613923932,1,1
FP321,TH-31,T1,A_MEMBER_GEO,FP321,TH-31,OK,100.0000000000,1,1
FP321,TH-31,T1,C_SCOPE,,TH-31,OK,100.0000000000,1,1
FP321,TH-31,T1,D_POST_SA,,TH-31,OK,93.6210477444,1,1
FP331,TH-31,T1,A_MEMBER_GEO,FP331,TH-31,OK,100.0000000000,1,1
FP331,TH-31,T1,C_SCOPE,,TH-31,OK,100.0000000000,1,1
FP331,TH-31,T1,D_POST_SA,,TH-31,OK,120.2302399992,1,1
FU064,TH-31,T1,A_MEMBER_GEO,FU064,TH-31,OK,100.0000000000,1,1
FU064,TH-31,T1,C_SCOPE,,TH-31,OK,100.0000000000,1,1
FU064,TH-31,T1,D_POST_SA,,TH-31,OK,94.3464220966,1,1
FU078,TH-31,T1,A_MEMBER_GEO,FU078,TH-31,OK,100.0000000000,1,1
FU078,TH-31,T1,C_SCOPE,,TH-31,OK,100.0000000000,1,1
FU078,TH-31,T1,D_POST_SA,,TH-31,OK,97.1733839714,1,1
FPF03,TH-31,T2,A_MEMBER_GEO,FP023,TH-31,NO_SIGNAL,0.0000000000,1,1
FPF03,TH-31,T2,A_MEMBER_GEO,FP026,TH-31,OK,100.0000000000,1,1
FPF03,TH-31,T2,A_MEMBER_GEO,FP108,TH-31,OK,100.0000000000,1,1
FPF03,TH-31,T2,B_FAMILY_GEO,,TH-31,OK,33.3333333333,2,3
FPF03,TH-31,T2,C_SCOPE,,TH-31,OK,100.0000000000,1,1
FPF03,TH-31,T2,D_POST_SA,,TH-31,OK,100.2975563487,1,1
TPF02,TH-31,T2,A_MEMBER_GEO,TP010,TH-31,NO_SIGNAL,0.0000000000,1,1
TPF02,TH-31,T2,A_MEMBER_GEO,TP041,TH-31,OK,100.0000000000,1,1
TPF02,TH-31,T2,B_FAMILY_GEO,,TH-31,OK,50.0000000000,1,2
TPF02,TH-31,T2,C_SCOPE,,TH-31,OK,100.0000000000,1,1
TPF02,TH-31,T2,D_POST_SA,,TH-31,OK,99.5180708646,1,1
TUF01,TH-31,T2,A_MEMBER_GEO,TU067,TH-31,OK,100.0000000000,1,1
TUF01,TH-31,T2,A_MEMBER_GEO,TU069,TH-31,NO_SIGNAL,0.0000000000,1,1
TUF01,TH-31,T2,A_MEMBER_GEO,TU070,TH-31,OK,100.0000000000,1,1
TUF01,TH-31,T2,A_MEMBER_GEO,TU071,TH-31,OK,100.0000000000,1,1
TUF01,TH-31,T2,B_FAMILY_GEO,,TH-31,OK,25.0000000000,3,4
TUF01,TH-31,T2,C_SCOPE,,TH-31,OK,100.0000000000,1,1
TUF01,TH-31,T2,D_POST_SA,,TH-31,OK,100.4016608936,1,1
TUF02,TH-31,T2,A_MEMBER_GEO,TU005,TH-31,OK,100.0000000000,1,1
TUF02,TH-31,T2,A_MEMBER_GEO,TU048,TH-31,NO_SIGNAL,0.0000000000,1,1
TUF02,TH-31,T2,A_MEMBER_GEO,TU062,TH-31,OK,100.0000000000,1,1
TUF02,TH-31,T2,B_FAMILY_GEO,,TH-31,OK,33.3333333333,2,3
TUF02,TH-31,T2,C_SCOPE,,TH-31,OK,100.0000000000,1,1
TUF02,TH-31,T2,D_POST_SA,,TH-31,OK,95.3417685612,1,1
NPF01,TH-31,T2,A_MEMBER_GEO,NP023,TH-31,OK,100.0000000000,1,1
NPF01,TH-31,T2,A_MEMBER_GEO,NP024,TH-31,NO_SIGNAL,0.0000000000,1,1
NPF01,TH-31,T2,A_MEMBER_GEO,NP025,TH-31,NO_SIGNAL,0.0000000000,1,1
NPF01,TH-31,T2,A_MEMBER_GEO,NP044,TH-31,NO_SIGNAL,0.0000000000,1,1
NPF01,TH-31,T2,B_FAMILY_GEO,,TH-31,OK,25.0000000000,1,4
NPF01,TH-31,T2,C_SCOPE,,TH-31,OK,100.0000000000,1,1
NPF01,TH-31,T2,D_POST_SA,,TH-31,OK,95.1462590967,1,1
FPF05,TH-31,T2,A_MEMBER_GEO,FP111,TH-31,NO_SIGNAL,0.0000000000,1,1
FPF05,TH-31,T2,A_MEMBER_GEO,FP112,TH-31,OK,100.0000000000,1,1
FPF05,TH-31,T2,A_MEMBER_GEO,FP135,TH-31,NO_SIGNAL,0.0000000000,1,1
FPF05,TH-31,T2,A_MEMBER_GEO,FP153,TH-31,NO_SIGNAL,0.0000000000,1,1
FPF05,TH-31,T2,A_MEMBER_GEO,FP159,TH-31,OK,100.0000000000,1,1
FPF05,TH-31,T2,A_MEMBER_GEO,FP176,TH-31,NO_SIGNAL,0.0000000000,1,1
FPF05,TH-31,T2,B_FAMILY_GEO,,TH-31,OK,16.6666666667,2,6
FPF05,TH-31,T2,C_SCOPE,,TH-31,OK,100.0000000000,1,1
FPF05,TH-31,T2,D_POST_SA,,TH-31,OK,99.3481191041,1,1
FPF08,TH-31,T2,A_MEMBER_GEO,FP136,TH-31,NO_SIGNAL,0.0000000000,1,1
FPF08,TH-31,T2,A_MEMBER_GEO,FP169,TH-31,NO_SIGNAL,0.0000000000,1,1
FPF08,TH-31,T2,B_FAMILY_GEO,,TH-31,NO_SIGNAL,0.0000000000,0,2
FPF08,TH-31,T2,C_SCOPE,,TH-31,NO_SIGNAL,0.0000000000,0,1
FPF08,TH-31,T2,D_POST_SA,,TH-31,NO_SIGNAL,0.0000000000,0,1
FPF09,TH-31,T2,A_MEMBER_GEO,FP302,TH-31,OK,72.0000000000,1,1
FPF09,TH-31,T2,A_MEMBER_GEO,FP318,TH-31,OK,100.0000000000,1,1
FPF09,TH-31,T2,A_MEMBER_GEO,FP333,TH-31,OK,86.0000000000,1,1
FPF09,TH-31,T2,A_MEMBER_GEO,FP334,TH-31,OK,100.0000000000,1,1
FPF09,TH-31,T2,B_FAMILY_GEO,,TH-31,OK,49.5962532300,4,4
FPF09,TH-31,T2,C_SCOPE,,TH-31,OK,100.0000000000,1,1
FPF09,TH-31,T2,D_POST_SA,,TH-31,OK,83.9142789406,1,1
NP061,TH-31,T1,A_MEMBER_GEO,NP061,TH-31,OK,94.0000000000,1,1
NP061,TH-31,T1,C_SCOPE,,TH-31,OK,100.0000000000,1,1
NP061,TH-31,T1,D_POST_SA,,TH-31,OK,120.4309696661,1,1
FP510,TH-31,T1,A_MEMBER_GEO,FP510,TH-31,OK,88.0000000000,1,1
FP510,TH-31,T1,C_SCOPE,,TH-31,OK,100.0000000000,1,1
FP510,TH-31,T1,D_POST_SA,,TH-31,OK,100.5513988593,1,1
FP607,TH-31,T1,A_MEMBER_GEO,FP607,TH-31,OK,78.0000000000,1,1
FP607,TH-31,T1,C_SCOPE,,TH-31,OK,100.0000000000,1,1
FP607,TH-31,T1,D_POST_SA,,TH-31,OK,88.8924087966,1,1
NP081,TH-31,T1,A_MEMBER_GEO,NP081,TH-31,OK,100.0000000000,1,1
NP081,TH-31,T1,C_SCOPE,,TH-31,OK,100.0000000000,1,1
NP081,TH-31,T1,D_POST_SA,,TH-31,OK,94.1518219057,1,1
FP511,TH-31,T1,A_MEMBER_GEO,FP511,TH-31,OK,100.0000000000,1,1
FP511,TH-31,T1,C_SCOPE,,TH-31,OK,100.0000000000,1,1
FP511,TH-31,T1,D_POST_SA,,TH-31,OK,96.6379577866,1,1
FP512,TH-31,T1,A_MEMBER_GEO,FP512,TH-31,OK,100.0000000000,1,1
FP512,TH-31,T1,C_SCOPE,,TH-31,OK,100.0000000000,1,1
FP512,TH-31,T1,D_POST_SA,,TH-31,OK,104.5856370926,1,1
TP129,TH-31,T1,A_MEMBER_GEO,TP129,TH-31,OK,100.0000000000,1,1
TP129,TH-31,T1,C_SCOPE,,TH-31,OK,100.0000000000,1,1
TP129,TH-31,T1,D_POST_SA,,TH-31,OK,88.9469278738,1,1
FP014,TH-34,T1,A_MEMBER_GEO,FP014,TH-34,OK,90.0000000000,1,1
FP014,TH-34,T1,C_SCOPE,,TH-34,OK,100.0000000000,1,1
FP014,TH-34,T1,D_POST_SA,,TH-34,OK,94.6562285988,1,1
FP019,TH-34,T1,A_MEMBER_GEO,FP019,TH-34,OK,100.0000000000,1,1
FP019,TH-34,T1,C_SCOPE,,TH-34,OK,100.0000000000,1,1
FP019,TH-34,T1,D_POST_SA,,TH-34,OK,82.8756500024,1,1
FP038,TH-34,T1,A_MEMBER_GEO,FP038,TH-34,OK,100.0000000000,1,1
FP038,TH-34,T1,C_SCOPE,,TH-34,OK,100.0000000000,1,1
FP038,TH-34,T1,D_POST_SA,,TH-34,OK,91.0647880317,1,1
FU014,TH-34,T1,A_MEMBER_GEO,FU014,TH-34,OK,100.0000000000,1,1
FU014,TH-34,T1,C_SCOPE,,TH-34,OK,100.0000000000,1,1
FU014,TH-34,T1,D_POST_SA,,TH-34,OK,86.5053444881,1,1
FU015,TH-34,T1,A_MEMBER_GEO,FU015,TH-34,OK,100.0000000000,1,1
FU015,TH-34,T1,C_SCOPE,,TH-34,OK,100.0000000000,1,1
FU015,TH-34,T1,D_POST_SA,,TH-34,OK,88.5478581556,1,1
FU018,TH-34,T1,A_MEMBER_GEO,FU018,TH-34,OK,100.0000000000,1,1
FU018,TH-34,T1,C_SCOPE,,TH-34,OK,100.0000000000,1,1
FU018,TH-34,T1,D_POST_SA,,TH-34,OK,92.2545231079,1,1
TU068,TH-34,T1,A_MEMBER_GEO,TU068,TH-34,OK,100.0000000000,1,1
TU068,TH-34,T1,C_SCOPE,,TH-34,OK,100.0000000000,1,1
TU068,TH-34,T1,D_POST_SA,,TH-34,OK,87.4120050247,1,1
FP109,TH-34,T1,A_MEMBER_GEO,FP109,TH-34,OK,100.0000000000,1,1
FP109,TH-34,T1,C_SCOPE,,TH-34,OK,100.0000000000,1,1
FP109,TH-34,T1,D_POST_SA,,TH-34,OK,104.4640177591,1,1
FP118,TH-34,T1,A_MEMBER_GEO,FP118,TH-34,OK,100.0000000000,1,1
FP118,TH-34,T1,C_SCOPE,,TH-34,OK,100.0000000000,1,1
FP118,TH-34,T1,D_POST_SA,,TH-34,OK,94.1131354295,1,1
FP301,TH-34,T1,A_MEMBER_GEO,FP301,TH-34,OK,52.0000000000,1,1
FP301,TH-34,T1,C_SCOPE,,TH-34,OK,100.0000000000,1,1
FP301,TH-34,T1,D_POST_SA,,TH-34,OK,91.8050457661,1,1
FP306,TH-34,T1,A_MEMBER_GEO,FP306,TH-34,OK,100.0000000000,1,1
FP306,TH-34,T1,C_SCOPE,,TH-34,OK,100.0000000000,1,1
FP306,TH-34,T1,D_POST_SA,,TH-34,OK,95.8925168725,1,1
FP317,TH-34,T1,A_MEMBER_GEO,FP317,TH-34,OK,32.0000000000,1,1
FP317,TH-34,T1,C_SCOPE,,TH-34,OK,100.0000000000,1,1
FP317,TH-34,T1,D_POST_SA,,TH-34,OK,100.1168913278,1,1
FP321,TH-34,T1,A_MEMBER_GEO,FP321,TH-34,OK,95.0000000000,1,1
FP321,TH-34,T1,C_SCOPE,,TH-34,OK,100.0000000000,1,1
FP321,TH-34,T1,D_POST_SA,,TH-34,OK,91.0702475564,1,1
FP331,TH-34,T1,A_MEMBER_GEO,FP331,TH-34,OK,62.0000000000,1,1
FP331,TH-34,T1,C_SCOPE,,TH-34,OK,100.0000000000,1,1
FP331,TH-34,T1,D_POST_SA,,TH-34,OK,94.2128439794,1,1
FU064,TH-34,T1,A_MEMBER_GEO,FU064,TH-34,OK,100.0000000000,1,1
FU064,TH-34,T1,C_SCOPE,,TH-34,OK,100.0000000000,1,1
FU064,TH-34,T1,D_POST_SA,,TH-34,OK,97.9909767058,1,1
FU078,TH-34,T1,A_MEMBER_GEO,FU078,TH-34,OK,100.0000000000,1,1
FU078,TH-34,T1,C_SCOPE,,TH-34,OK,100.0000000000,1,1
FU078,TH-34,T1,D_POST_SA,,TH-34,OK,98.6650094472,1,1
FPF03,TH-34,T2,A_MEMBER_GEO,FP023,TH-34,NO_SIGNAL,0.0000000000,1,1
FPF03,TH-34,T2,A_MEMBER_GEO,FP026,TH-34,OK,100.0000000000,1,1
FPF03,TH-34,T2,A_MEMBER_GEO,FP108,TH-34,OK,100.0000000000,1,1
FPF03,TH-34,T2,B_FAMILY_GEO,,TH-34,OK,57.6666666667,2,3
FPF03,TH-34,T2,C_SCOPE,,TH-34,OK,100.0000000000,1,1
FPF03,TH-34,T2,D_POST_SA,,TH-34,OK,93.6493811323,1,1
TPF02,TH-34,T2,A_MEMBER_GEO,TP010,TH-34,OK,100.0000000000,1,1
TPF02,TH-34,T2,A_MEMBER_GEO,TP041,TH-34,OK,100.0000000000,1,1
TPF02,TH-34,T2,B_FAMILY_GEO,,TH-34,OK,50.0000000000,2,2
TPF02,TH-34,T2,C_SCOPE,,TH-34,OK,100.0000000000,1,1
TPF02,TH-34,T2,D_POST_SA,,TH-34,OK,101.3095433701,1,1
TUF01,TH-34,T2,A_MEMBER_GEO,TU067,TH-34,OK,100.0000000000,1,1
TUF01,TH-34,T2,A_MEMBER_GEO,TU069,TH-34,OK,100.0000000000,1,1
TUF01,TH-34,T2,A_MEMBER_GEO,TU070,TH-34,OK,100.0000000000,1,1
TUF01,TH-34,T2,A_MEMBER_GEO,TU071,TH-34,OK,100.0000000000,1,1
TUF01,TH-34,T2,B_FAMILY_GEO,,TH-34,OK,43.7500000000,4,4
TUF01,TH-34,T2,C_SCOPE,,TH-34,OK,100.0000000000,1,1
TUF01,TH-34,T2,D_POST_SA,,TH-34,OK,82.8778516725,1,1
TUF02,TH-34,T2,A_MEMBER_GEO,TU005,TH-34,OK,100.0000000000,1,1
TUF02,TH-34,T2,A_MEMBER_GEO,TU048,TH-34,OK,100.0000000000,1,1
TUF02,TH-34,T2,A_MEMBER_GEO,TU062,TH-34,OK,100.0000000000,1,1
TUF02,TH-34,T2,B_FAMILY_GEO,,TH-34,OK,38.3333333333,3,3
TUF02,TH-34,T2,C_SCOPE,,TH-34,OK,100.0000000000,1,1
TUF02,TH-34,T2,D_POST_SA,,TH-34,OK,96.8134602718,1,1
NPF01,TH-34,T2,A_MEMBER_GEO,NP023,TH-34,OK,100.0000000000,1,1
NPF01,TH-34,T2,A_MEMBER_GEO,NP024,TH-34,NO_SIGNAL,0.0000000000,1,1
NPF01,TH-34,T2,A_MEMBER_GEO,NP025,TH-34,OK,100.0000000000,1,1
NPF01,TH-34,T2,A_MEMBER_GEO,NP044,TH-34,OK,100.0000000000,1,1
NPF01,TH-34,T2,B_FAMILY_GEO,,TH-34,OK,41.2500000000,3,4
NPF01,TH-34,T2,C_SCOPE,,TH-34,OK,100.0000000000,1,1
NPF01,TH-34,T2,D_POST_SA,,TH-34,OK,95.2634520917,1,1
FPF05,TH-34,T2,A_MEMBER_GEO,FP111,TH-34,OK,89.0000000000,1,1
FPF05,TH-34,T2,A_MEMBER_GEO,FP112,TH-34,OK,68.0000000000,1,1
FPF05,TH-34,T2,A_MEMBER_GEO,FP135,TH-34,NO_SIGNAL,0.0000000000,1,1
FPF05,TH-34,T2,A_MEMBER_GEO,FP153,TH-34,NO_SIGNAL,0.0000000000,1,1
FPF05,TH-34,T2,A_MEMBER_GEO,FP159,TH-34,OK,100.0000000000,1,1
FPF05,TH-34,T2,A_MEMBER_GEO,FP176,TH-34,NO_SIGNAL,0.0000000000,1,1
FPF05,TH-34,T2,B_FAMILY_GEO,,TH-34,OK,25.2450980392,3,6
FPF05,TH-34,T2,C_SCOPE,,TH-34,OK,100.0000000000,1,1
FPF05,TH-34,T2,D_POST_SA,,TH-34,OK,82.2735188603,1,1
FPF08,TH-34,T2,A_MEMBER_GEO,FP136,TH-34,OK,100.0000000000,1,1
FPF08,TH-34,T2,A_MEMBER_GEO,FP169,TH-34,OK,100.0000000000,1,1
FPF08,TH-34,T2,B_FAMILY_GEO,,TH-34,OK,92.0000000000,2,2
FPF08,TH-34,T2,C_SCOPE,,TH-34,OK,100.0000000000,1,1
FPF08,TH-34,T2,D_POST_SA,,TH-34,OK,87.9172189825,1,1
FPF09,TH-34,T2,A_MEMBER_GEO,FP302,TH-34,OK,63.0000000000,1,1
FPF09,TH-34,T2,A_MEMBER_GEO,FP318,TH-34,OK,47.0000000000,1,1
FPF09,TH-34,T2,A_MEMBER_GEO,FP333,TH-34,OK,97.0000000000,1,1
FPF09,TH-34,T2,A_MEMBER_GEO,FP334,TH-34,OK,80.0000000000,1,1
FPF09,TH-34,T2,B_FAMILY_GEO,,TH-34,OK,69.9093314027,4,4
FPF09,TH-34,T2,C_SCOPE,,TH-34,OK,100.0000000000,1,1
FPF09,TH-34,T2,D_POST_SA,,TH-34,OK,83.6208841636,1,1
NP061,TH-34,T1,A_MEMBER_GEO,NP061,TH-34,OK,74.0000000000,1,1
NP061,TH-34,T1,C_SCOPE,,TH-34,OK,100.0000000000,1,1
NP061,TH-34,T1,D_POST_SA,,TH-34,OK,114.2540319892,1,1
FP510,TH-34,T1,A_MEMBER_GEO,FP510,TH-34,OK,100.0000000000,1,1
FP510,TH-34,T1,C_SCOPE,,TH-34,OK,100.0000000000,1,1
FP510,TH-34,T1,D_POST_SA,,TH-34,OK,94.4358523663,1,1
FP607,TH-34,T1,A_MEMBER_GEO,FP607,TH-34,OK,76.0000000000,1,1
FP607,TH-34,T1,C_SCOPE,,TH-34,OK,100.0000000000,1,1
FP607,TH-34,T1,D_POST_SA,,TH-34,OK,95.8871983963,1,1
NP081,TH-34,T1,A_MEMBER_GEO,NP081,TH-34,OK,100.0000000000,1,1
NP081,TH-34,T1,C_SCOPE,,TH-34,OK,100.0000000000,1,1
NP081,TH-34,T1,D_POST_SA,,TH-34,OK,85.5039450142,1,1
FP511,TH-34,T1,A_MEMBER_GEO,FP511,TH-34,OK,79.0000000000,1,1
FP511,TH-34,T1,C_SCOPE,,TH-34,OK,100.0000000000,1,1
FP511,TH-34,T1,D_POST_SA,,TH-34,OK,100.3082851665,1,1
FP512,TH-34,T1,A_MEMBER_GEO,FP512,TH-34,OK,100.0000000000,1,1
FP512,TH-34,T1,C_SCOPE,,TH-34,OK,100.0000000000,1,1
FP512,TH-34,T1,D_POST_SA,,TH-34,OK,101.0859745322,1,1
TP129,TH-34,T1,A_MEMBER_GEO,TP129,TH-34,OK,50.0000000000,1,1
TP129,TH-34,T1,C_SCOPE,,TH-34,OK,100.0000000000,1,1
TP129,TH-34,T1,D_POST_SA,,TH-34,OK,104.5333611558,1,1
FP014,TH-40,T1,A_MEMBER_GEO,FP014,TH-40,OK,23.0000000000,1,1
FP014,TH-40,T1,C_SCOPE,,TH-40,OK,100.0000000000,1,1
FP014,TH-40,T1,D_POST_SA,,TH-40,OK,92.8751315364,1,1
FP019,TH-40,T1,A_MEMBER_GEO,FP019,TH-40,OK,28.0000000000,1,1
FP019,TH-40,T1,C_SCOPE,,TH-40,OK,100.0000000000,1,1
FP019,TH-40,T1,D_POST_SA,,TH-40,OK,85.3972274501,1,1
FP038,TH-40,T1,A_MEMBER_GEO,FP038,TH-40,OK,100.0000000000,1,1
FP038,TH-40,T1,C_SCOPE,,TH-40,OK,100.0000000000,1,1
FP038,TH-40,T1,D_POST_SA,,TH-40,OK,93.0773877242,1,1
FU014,TH-40,T1,A_MEMBER_GEO,FU014,TH-40,OK,100.0000000000,1,1
FU014,TH-40,T1,C_SCOPE,,TH-40,OK,100.0000000000,1,1
FU014,TH-40,T1,D_POST_SA,,TH-40,OK,93.5969257059,1,1
FU015,TH-40,T1,A_MEMBER_GEO,FU015,TH-40,OK,100.0000000000,1,1
FU015,TH-40,T1,C_SCOPE,,TH-40,OK,100.0000000000,1,1
FU015,TH-40,T1,D_POST_SA,,TH-40,OK,101.0326503367,1,1
FU018,TH-40,T1,A_MEMBER_GEO,FU018,TH-40,OK,100.0000000000,1,1
FU018,TH-40,T1,C_SCOPE,,TH-40,OK,100.0000000000,1,1
FU018,TH-40,T1,D_POST_SA,,TH-40,OK,96.5685420611,1,1
TU068,TH-40,T1,A_MEMBER_GEO,TU068,TH-40,OK,100.0000000000,1,1
TU068,TH-40,T1,C_SCOPE,,TH-40,OK,100.0000000000,1,1
TU068,TH-40,T1,D_POST_SA,,TH-40,OK,91.8234247287,1,1
FP109,TH-40,T1,A_MEMBER_GEO,FP109,TH-40,OK,100.0000000000,1,1
FP109,TH-40,T1,C_SCOPE,,TH-40,OK,100.0000000000,1,1
FP109,TH-40,T1,D_POST_SA,,TH-40,OK,106.6051667218,1,1
FP118,TH-40,T1,A_MEMBER_GEO,FP118,TH-40,OK,100.0000000000,1,1
FP118,TH-40,T1,C_SCOPE,,TH-40,OK,100.0000000000,1,1
FP118,TH-40,T1,D_POST_SA,,TH-40,OK,104.5617269247,1,1
FP301,TH-40,T1,A_MEMBER_GEO,FP301,TH-40,OK,38.0000000000,1,1
FP301,TH-40,T1,C_SCOPE,,TH-40,OK,100.0000000000,1,1
FP301,TH-40,T1,D_POST_SA,,TH-40,OK,97.9001449949,1,1
FP306,TH-40,T1,A_MEMBER_GEO,FP306,TH-40,OK,100.0000000000,1,1
FP306,TH-40,T1,C_SCOPE,,TH-40,OK,100.0000000000,1,1
FP306,TH-40,T1,D_POST_SA,,TH-40,OK,95.4572591442,1,1
FP317,TH-40,T1,A_MEMBER_GEO,FP317,TH-40,OK,39.0000000000,1,1
FP317,TH-40,T1,C_SCOPE,,TH-40,OK,100.0000000000,1,1
FP317,TH-40,T1,D_POST_SA,,TH-40,OK,100.3037999323,1,1
FP321,TH-40,T1,A_MEMBER_GEO,FP321,TH-40,OK,39.0000000000,1,1
FP321,TH-40,T1,C_SCOPE,,TH-40,OK,100.0000000000,1,1
FP321,TH-40,T1,D_POST_SA,,TH-40,OK,92.5857721930,1,1
FP331,TH-40,T1,A_MEMBER_GEO,FP331,TH-40,OK,60.0000000000,1,1
FP331,TH-40,T1,C_SCOPE,,TH-40,OK,100.0000000000,1,1
FP331,TH-40,T1,D_POST_SA,,TH-40,OK,97.5580919996,1,1
FU064,TH-40,T1,A_MEMBER_GEO,FU064,TH-40,OK,100.0000000000,1,1
FU064,TH-40,T1,C_SCOPE,,TH-40,OK,100.0000000000,1,1
FU064,TH-40,T1,D_POST_SA,,TH-40,OK,98.8442638890,1,1
FU078,TH-40,T1,A_MEMBER_GEO,FU078,TH-40,OK,100.0000000000,1,1
FU078,TH-40,T1,C_SCOPE,,TH-40,OK,100.0000000000,1,1
FU078,TH-40,T1,D_POST_SA,,TH-40,OK,98.7673864088,1,1
FPF03,TH-40,T2,A_MEMBER_GEO,FP023,TH-40,NO_SIGNAL,0.0000000000,1,1
FPF03,TH-40,T2,A_MEMBER_GEO,FP026,TH-40,OK,100.0000000000,1,1
FPF03,TH-40,T2,A_MEMBER_GEO,FP108,TH-40,OK,100.0000000000,1,1
FPF03,TH-40,T2,B_FAMILY_GEO,,TH-40,OK,55.3333333333,2,3
FPF03,TH-40,T2,C_SCOPE,,TH-40,OK,100.0000000000,1,1
FPF03,TH-40,T2,D_POST_SA,,TH-40,OK,89.3148852026,1,1
TPF02,TH-40,T2,A_MEMBER_GEO,TP010,TH-40,NO_SIGNAL,0.0000000000,1,1
TPF02,TH-40,T2,A_MEMBER_GEO,TP041,TH-40,OK,100.0000000000,1,1
TPF02,TH-40,T2,B_FAMILY_GEO,,TH-40,OK,50.0000000000,1,2
TPF02,TH-40,T2,C_SCOPE,,TH-40,OK,100.0000000000,1,1
TPF02,TH-40,T2,D_POST_SA,,TH-40,OK,102.0200925674,1,1
TUF01,TH-40,T2,A_MEMBER_GEO,TU067,TH-40,OK,100.0000000000,1,1
TUF01,TH-40,T2,A_MEMBER_GEO,TU069,TH-40,OK,100.0000000000,1,1
TUF01,TH-40,T2,A_MEMBER_GEO,TU070,TH-40,OK,100.0000000000,1,1
TUF01,TH-40,T2,A_MEMBER_GEO,TU071,TH-40,OK,100.0000000000,1,1
TUF01,TH-40,T2,B_FAMILY_GEO,,TH-40,OK,50.7500000000,4,4
TUF01,TH-40,T2,C_SCOPE,,TH-40,OK,100.0000000000,1,1
TUF01,TH-40,T2,D_POST_SA,,TH-40,OK,97.6804276575,1,1
TUF02,TH-40,T2,A_MEMBER_GEO,TU005,TH-40,OK,100.0000000000,1,1
TUF02,TH-40,T2,A_MEMBER_GEO,TU048,TH-40,NO_SIGNAL,0.0000000000,1,1
TUF02,TH-40,T2,A_MEMBER_GEO,TU062,TH-40,NO_SIGNAL,0.0000000000,1,1
TUF02,TH-40,T2,B_FAMILY_GEO,,TH-40,OK,33.3333333333,1,3
TUF02,TH-40,T2,C_SCOPE,,TH-40,OK,100.0000000000,1,1
TUF02,TH-40,T2,D_POST_SA,,TH-40,OK,99.5180708646,1,1
NPF01,TH-40,T2,A_MEMBER_GEO,NP023,TH-40,OK,100.0000000000,1,1
NPF01,TH-40,T2,A_MEMBER_GEO,NP024,TH-40,NO_SIGNAL,0.0000000000,1,1
NPF01,TH-40,T2,A_MEMBER_GEO,NP025,TH-40,OK,100.0000000000,1,1
NPF01,TH-40,T2,A_MEMBER_GEO,NP044,TH-40,NO_SIGNAL,0.0000000000,1,1
NPF01,TH-40,T2,B_FAMILY_GEO,,TH-40,OK,38.2500000000,2,4
NPF01,TH-40,T2,C_SCOPE,,TH-40,OK,100.0000000000,1,1
NPF01,TH-40,T2,D_POST_SA,,TH-40,OK,84.6816847589,1,1
FPF05,TH-40,T2,A_MEMBER_GEO,FP111,TH-40,OK,66.0000000000,1,1
FPF05,TH-40,T2,A_MEMBER_GEO,FP112,TH-40,OK,100.0000000000,1,1
FPF05,TH-40,T2,A_MEMBER_GEO,FP135,TH-40,OK,100.0000000000,1,1
FPF05,TH-40,T2,A_MEMBER_GEO,FP153,TH-40,OK,91.0000000000,1,1
FPF05,TH-40,T2,A_MEMBER_GEO,FP159,TH-40,OK,100.0000000000,1,1
FPF05,TH-40,T2,A_MEMBER_GEO,FP176,TH-40,NO_SIGNAL,0.0000000000,1,1
FPF05,TH-40,T2,B_FAMILY_GEO,,TH-40,OK,72.8333333333,5,6
FPF05,TH-40,T2,C_SCOPE,,TH-40,OK,100.0000000000,1,1
FPF05,TH-40,T2,D_POST_SA,,TH-40,OK,73.9789101017,1,1
FPF08,TH-40,T2,A_MEMBER_GEO,FP136,TH-40,OK,100.0000000000,1,1
FPF08,TH-40,T2,A_MEMBER_GEO,FP169,TH-40,OK,100.0000000000,1,1
FPF08,TH-40,T2,B_FAMILY_GEO,,TH-40,OK,80.5000000000,2,2
FPF08,TH-40,T2,C_SCOPE,,TH-40,OK,100.0000000000,1,1
FPF08,TH-40,T2,D_POST_SA,,TH-40,OK,86.2028510166,1,1
FPF09,TH-40,T2,A_MEMBER_GEO,FP302,TH-40,OK,48.0000000000,1,1
FPF09,TH-40,T2,A_MEMBER_GEO,FP318,TH-40,OK,60.0000000000,1,1
FPF09,TH-40,T2,A_MEMBER_GEO,FP333,TH-40,OK,81.0000000000,1,1
FPF09,TH-40,T2,A_MEMBER_GEO,FP334,TH-40,OK,84.0000000000,1,1
FPF09,TH-40,T2,B_FAMILY_GEO,,TH-40,OK,70.2965167549,4,4
FPF09,TH-40,T2,C_SCOPE,,TH-40,OK,100.0000000000,1,1
FPF09,TH-40,T2,D_POST_SA,,TH-40,OK,80.7053959032,1,1
NP061,TH-40,T1,A_MEMBER_GEO,NP061,TH-40,OK,82.0000000000,1,1
NP061,TH-40,T1,C_SCOPE,,TH-40,OK,100.0000000000,1,1
NP061,TH-40,T1,D_POST_SA,,TH-40,OK,99.0511662826,1,1
FP510,TH-40,T1,A_MEMBER_GEO,FP510,TH-40,OK,80.0000000000,1,1
FP510,TH-40,T1,C_SCOPE,,TH-40,OK,100.0000000000,1,1
FP510,TH-40,T1,D_POST_SA,,TH-40,OK,97.3100949353,1,1
FP607,TH-40,T1,A_MEMBER_GEO,FP607,TH-40,OK,59.0000000000,1,1
FP607,TH-40,T1,C_SCOPE,,TH-40,OK,100.0000000000,1,1
FP607,TH-40,T1,D_POST_SA,,TH-40,OK,98.4706816894,1,1
NP081,TH-40,T1,A_MEMBER_GEO,NP081,TH-40,OK,100.0000000000,1,1
NP081,TH-40,T1,C_SCOPE,,TH-40,OK,100.0000000000,1,1
NP081,TH-40,T1,D_POST_SA,,TH-40,OK,94.1588549012,1,1
FP511,TH-40,T1,A_MEMBER_GEO,FP511,TH-40,OK,100.0000000000,1,1
FP511,TH-40,T1,C_SCOPE,,TH-40,OK,100.0000000000,1,1
FP511,TH-40,T1,D_POST_SA,,TH-40,OK,79.1253378508,1,1
FP512,TH-40,T1,A_MEMBER_GEO,FP512,TH-40,OK,100.0000000000,1,1
FP512,TH-40,T1,C_SCOPE,,TH-40,OK,100.0000000000,1,1
FP512,TH-40,T1,D_POST_SA,,TH-40,OK,105.9432131861,1,1
TP129,TH-40,T1,A_MEMBER_GEO,TP129,TH-40,OK,100.0000000000,1,1
TP129,TH-40,T1,C_SCOPE,,TH-40,OK,100.0000000000,1,1
TP129,TH-40,T1,D_POST_SA,,TH-40,OK,95.0536335334,1,1
FP014,TH-41,T1,A_MEMBER_GEO,FP014,TH-41,OK,100.0000000000,1,1
FP014,TH-41,T1,C_SCOPE,,TH-41,OK,100.0000000000,1,1
FP014,TH-41,T1,D_POST_SA,,TH-41,OK,87.6670038925,1,1
FP019,TH-41,T1,A_MEMBER_GEO,FP019,TH-41,OK,100.0000000000,1,1
FP019,TH-41,T1,C_SCOPE,,TH-41,OK,100.0000000000,1,1
FP019,TH-41,T1,D_POST_SA,,TH-41,OK,85.0678624604,1,1
FP038,TH-41,T1,A_MEMBER_GEO,FP038,TH-41,OK,100.0000000000,1,1
FP038,TH-41,T1,C_SCOPE,,TH-41,OK,100.0000000000,1,1
FP038,TH-41,T1,D_POST_SA,,TH-41,OK,93.4332026336,1,1
FU014,TH-41,T1,A_MEMBER_GEO,FU014,TH-41,OK,100.0000000000,1,1
FU014,TH-41,T1,C_SCOPE,,TH-41,OK,100.0000000000,1,1
FU014,TH-41,T1,D_POST_SA,,TH-41,OK,97.2338320356,1,1
FU015,TH-41,T1,A_MEMBER_GEO,FU015,TH-41,OK,100.0000000000,1,1
FU015,TH-41,T1,C_SCOPE,,TH-41,OK,100.0000000000,1,1
FU015,TH-41,T1,D_POST_SA,,TH-41,OK,98.5315339723,1,1
FU018,TH-41,T1,A_MEMBER_GEO,FU018,TH-41,OK,100.0000000000,1,1
FU018,TH-41,T1,C_SCOPE,,TH-41,OK,100.0000000000,1,1
FU018,TH-41,T1,D_POST_SA,,TH-41,OK,92.6585739310,1,1
TU068,TH-41,T1,A_MEMBER_GEO,TU068,TH-41,OK,100.0000000000,1,1
TU068,TH-41,T1,C_SCOPE,,TH-41,OK,100.0000000000,1,1
TU068,TH-41,T1,D_POST_SA,,TH-41,OK,98.3462065301,1,1
FP109,TH-41,T1,A_MEMBER_GEO,FP109,TH-41,OK,100.0000000000,1,1
FP109,TH-41,T1,C_SCOPE,,TH-41,OK,100.0000000000,1,1
FP109,TH-41,T1,D_POST_SA,,TH-41,OK,99.3663656982,1,1
FP118,TH-41,T1,A_MEMBER_GEO,FP118,TH-41,OK,100.0000000000,1,1
FP118,TH-41,T1,C_SCOPE,,TH-41,OK,100.0000000000,1,1
FP118,TH-41,T1,D_POST_SA,,TH-41,OK,103.0757079217,1,1
FP301,TH-41,T1,A_MEMBER_GEO,FP301,TH-41,OK,93.0000000000,1,1
FP301,TH-41,T1,C_SCOPE,,TH-41,OK,100.0000000000,1,1
FP301,TH-41,T1,D_POST_SA,,TH-41,OK,101.6271025797,1,1
FP306,TH-41,T1,A_MEMBER_GEO,FP306,TH-41,OK,100.0000000000,1,1
FP306,TH-41,T1,C_SCOPE,,TH-41,OK,100.0000000000,1,1
FP306,TH-41,T1,D_POST_SA,,TH-41,OK,101.3701085377,1,1
FP317,TH-41,T1,A_MEMBER_GEO,FP317,TH-41,OK,100.0000000000,1,1
FP317,TH-41,T1,C_SCOPE,,TH-41,OK,100.0000000000,1,1
FP317,TH-41,T1,D_POST_SA,,TH-41,OK,99.8003173323,1,1
FP321,TH-41,T1,A_MEMBER_GEO,FP321,TH-41,OK,100.0000000000,1,1
FP321,TH-41,T1,C_SCOPE,,TH-41,OK,100.0000000000,1,1
FP321,TH-41,T1,D_POST_SA,,TH-41,OK,91.4014313661,1,1
FP331,TH-41,T1,A_MEMBER_GEO,FP331,TH-41,OK,100.0000000000,1,1
FP331,TH-41,T1,C_SCOPE,,TH-41,OK,100.0000000000,1,1
FP331,TH-41,T1,D_POST_SA,,TH-41,OK,111.6048699485,1,1
FU064,TH-41,T1,A_MEMBER_GEO,FU064,TH-41,OK,100.0000000000,1,1
FU064,TH-41,T1,C_SCOPE,,TH-41,OK,100.0000000000,1,1
FU064,TH-41,T1,D_POST_SA,,TH-41,OK,102.5047504643,1,1
FU078,TH-41,T1,A_MEMBER_GEO,FU078,TH-41,OK,100.0000000000,1,1
FU078,TH-41,T1,C_SCOPE,,TH-41,OK,100.0000000000,1,1
FU078,TH-41,T1,D_POST_SA,,TH-41,OK,101.0144539938,1,1
FPF03,TH-41,T2,A_MEMBER_GEO,FP023,TH-41,NO_SIGNAL,0.0000000000,1,1
FPF03,TH-41,T2,A_MEMBER_GEO,FP026,TH-41,OK,100.0000000000,1,1
FPF03,TH-41,T2,A_MEMBER_GEO,FP108,TH-41,OK,100.0000000000,1,1
FPF03,TH-41,T2,B_FAMILY_GEO,,TH-41,OK,51.0000000000,2,3
FPF03,TH-41,T2,C_SCOPE,,TH-41,OK,100.0000000000,1,1
FPF03,TH-41,T2,D_POST_SA,,TH-41,OK,99.2439755901,1,1
TPF02,TH-41,T2,A_MEMBER_GEO,TP010,TH-41,NO_SIGNAL,0.0000000000,1,1
TPF02,TH-41,T2,A_MEMBER_GEO,TP041,TH-41,NO_SIGNAL,0.0000000000,1,1
TPF02,TH-41,T2,B_FAMILY_GEO,,TH-41,NO_SIGNAL,0.0000000000,0,2
TPF02,TH-41,T2,C_SCOPE,,TH-41,NO_SIGNAL,0.0000000000,0,1
TPF02,TH-41,T2,D_POST_SA,,TH-41,NO_SIGNAL,0.0000000000,0,1
TUF01,TH-41,T2,A_MEMBER_GEO,TU067,TH-41,OK,100.0000000000,1,1
TUF01,TH-41,T2,A_MEMBER_GEO,TU069,TH-41,OK,100.0000000000,1,1
TUF01,TH-41,T2,A_MEMBER_GEO,TU070,TH-41,OK,100.0000000000,1,1
TUF01,TH-41,T2,A_MEMBER_GEO,TU071,TH-41,OK,100.0000000000,1,1
TUF01,TH-41,T2,B_FAMILY_GEO,,TH-41,OK,25.0000000000,4,4
TUF01,TH-41,T2,C_SCOPE,,TH-41,OK,100.0000000000,1,1
TUF01,TH-41,T2,D_POST_SA,,TH-41,OK,100.1648741790,1,1
TUF02,TH-41,T2,A_MEMBER_GEO,TU005,TH-41,OK,100.0000000000,1,1
TUF02,TH-41,T2,A_MEMBER_GEO,TU048,TH-41,NO_SIGNAL,0.0000000000,1,1
TUF02,TH-41,T2,A_MEMBER_GEO,TU062,TH-41,NO_SIGNAL,0.0000000000,1,1
TUF02,TH-41,T2,B_FAMILY_GEO,,TH-41,OK,33.3333333333,1,3
TUF02,TH-41,T2,C_SCOPE,,TH-41,OK,100.0000000000,1,1
TUF02,TH-41,T2,D_POST_SA,,TH-41,OK,99.5180708646,1,1
NPF01,TH-41,T2,A_MEMBER_GEO,NP023,TH-41,OK,100.0000000000,1,1
NPF01,TH-41,T2,A_MEMBER_GEO,NP024,TH-41,OK,100.0000000000,1,1
NPF01,TH-41,T2,A_MEMBER_GEO,NP025,TH-41,OK,100.0000000000,1,1
NPF01,TH-41,T2,A_MEMBER_GEO,NP044,TH-41,NO_SIGNAL,0.0000000000,1,1
NPF01,TH-41,T2,B_FAMILY_GEO,,TH-41,OK,38.5000000000,3,4
NPF01,TH-41,T2,C_SCOPE,,TH-41,OK,100.0000000000,1,1
NPF01,TH-41,T2,D_POST_SA,,TH-41,OK,101.9122232849,1,1
FPF05,TH-41,T2,A_MEMBER_GEO,FP111,TH-41,OK,100.0000000000,1,1
FPF05,TH-41,T2,A_MEMBER_GEO,FP112,TH-41,OK,100.0000000000,1,1
FPF05,TH-41,T2,A_MEMBER_GEO,FP135,TH-41,NO_SIGNAL,0.0000000000,1,1
FPF05,TH-41,T2,A_MEMBER_GEO,FP153,TH-41,OK,100.0000000000,1,1
FPF05,TH-41,T2,A_MEMBER_GEO,FP159,TH-41,OK,100.0000000000,1,1
FPF05,TH-41,T2,A_MEMBER_GEO,FP176,TH-41,NO_SIGNAL,0.0000000000,1,1
FPF05,TH-41,T2,B_FAMILY_GEO,,TH-41,OK,25.0000000000,4,6
FPF05,TH-41,T2,C_SCOPE,,TH-41,OK,100.0000000000,1,1
FPF05,TH-41,T2,D_POST_SA,,TH-41,OK,90.6459536158,1,1
FPF08,TH-41,T2,A_MEMBER_GEO,FP136,TH-41,OK,100.0000000000,1,1
FPF08,TH-41,T2,A_MEMBER_GEO,FP169,TH-41,OK,100.0000000000,1,1
FPF08,TH-41,T2,B_FAMILY_GEO,,TH-41,OK,50.0000000000,2,2
FPF08,TH-41,T2,C_SCOPE,,TH-41,OK,100.0000000000,1,1
FPF08,TH-41,T2,D_POST_SA,,TH-41,OK,73.5393236240,1,1
FPF09,TH-41,T2,A_MEMBER_GEO,FP302,TH-41,OK,90.0000000000,1,1
FPF09,TH-41,T2,A_MEMBER_GEO,FP318,TH-41,OK,100.0000000000,1,1
FPF09,TH-41,T2,A_MEMBER_GEO,FP333,TH-41,OK,100.0000000000,1,1
FPF09,TH-41,T2,A_MEMBER_GEO,FP334,TH-41,OK,100.0000000000,1,1
FPF09,TH-41,T2,B_FAMILY_GEO,,TH-41,OK,68.3611111111,4,4
FPF09,TH-41,T2,C_SCOPE,,TH-41,OK,100.0000000000,1,1
FPF09,TH-41,T2,D_POST_SA,,TH-41,OK,88.9066581793,1,1
NP061,TH-41,T1,A_MEMBER_GEO,NP061,TH-41,OK,100.0000000000,1,1
NP061,TH-41,T1,C_SCOPE,,TH-41,OK,100.0000000000,1,1
NP061,TH-41,T1,D_POST_SA,,TH-41,OK,100.9487908390,1,1
FP510,TH-41,T1,A_MEMBER_GEO,FP510,TH-41,OK,100.0000000000,1,1
FP510,TH-41,T1,C_SCOPE,,TH-41,OK,100.0000000000,1,1
FP510,TH-41,T1,D_POST_SA,,TH-41,OK,102.2820069177,1,1
FP607,TH-41,T1,A_MEMBER_GEO,FP607,TH-41,OK,100.0000000000,1,1
FP607,TH-41,T1,C_SCOPE,,TH-41,OK,100.0000000000,1,1
FP607,TH-41,T1,D_POST_SA,,TH-41,OK,88.6113532611,1,1
NP081,TH-41,T1,A_MEMBER_GEO,NP081,TH-41,OK,100.0000000000,1,1
NP081,TH-41,T1,C_SCOPE,,TH-41,OK,100.0000000000,1,1
NP081,TH-41,T1,D_POST_SA,,TH-41,OK,102.3127431798,1,1
FP511,TH-41,T1,A_MEMBER_GEO,FP511,TH-41,OK,100.0000000000,1,1
FP511,TH-41,T1,C_SCOPE,,TH-41,OK,100.0000000000,1,1
FP511,TH-41,T1,D_POST_SA,,TH-41,OK,95.9357796534,1,1
FP512,TH-41,T1,A_MEMBER_GEO,FP512,TH-41,OK,100.0000000000,1,1
FP512,TH-41,T1,C_SCOPE,,TH-41,OK,100.0000000000,1,1
FP512,TH-41,T1,D_POST_SA,,TH-41,OK,102.1231421289,1,1
TP129,TH-41,T1,A_MEMBER_GEO,TP129,TH-41,OK,100.0000000000,1,1
TP129,TH-41,T1,C_SCOPE,,TH-41,OK,100.0000000000,1,1
TP129,TH-41,T1,D_POST_SA,,TH-41,OK,104.7249796236,1,1
