Case_ID,Scope,Method,M1,M2,M3,M4,M5,M6,M7,M8,M9,M10,M11,Q_Without_M2,Q_With_M2,F_Stable_B1,F_Stable_B1_PValue,F_Stable_D8,F_Stable_D8_PValue,F_Moving_D8,F_Moving_D8_PValue,Kruskal_Wallis_Chi,Kruskal_Wallis_PValue,Accept_Status
FP014,TH,X13,0.5430000000,0.3860000000,0.5850000000,0.2250000000,0.6970000000,0.2110000000,0.4310000000,0.7090000000,0.3290000000,0.5450000000,0.5330000000,0.4700000000,,27.9860000000,0.0000000000,40.5460000000,0.0000000000,2.6950000000,0.0015000000,136.1490000000,0.0000000000,ACCEPTED
FP019,TH,X13,0.3790000000,0.2170000000,0.4450000000,0.2930000000,0.6190000000,0.1680000000,0.4270000000,0.6640000000,0.2720000000,0.5870000000,0.5710000000,0.4300000000,,34.6890000000,0.0000000000,50.2140000000,0.0000000000,3.7660000000,0.0000000000,140.9370000000,0.0000000000,ACCEPTED
FP038,TH,X13,2.3710000000,1.8770000000,0.5620000000,2.3220000000,3.0000000000,0.2430000000,1.2800000000,1.5650000000,0.7080000000,0.8020000000,0.7310000000,1.4400000000,,2.1580000000,0.0191000000,3.1000000000,0.0008000000,1.0510000000,0.4066000000,51.9310000000,0.0000000000,REJECTED
FU014,TH,X13,1.7810000000,0.3850000000,0.2920000000,0.4280000000,0.7920000000,0.1510000000,2.5430000000,2.3000000000,0.1550000000,3.0000000000,3.0000000000,1.3600000000,,1.2950000000,0.2316000000,1.7780000000,0.0610000000,12.0490000000,0.0000000000,26.6790000000,0.0051000000,REJECTED
FU015,TH,X13,1.2160000000,0.4640000000,0.8730000000,0.2930000000,0.9310000000,0.3780000000,0.5470000000,0.9560000000,0.2370000000,0.9300000000,0.7140000000,0.7000000000,,18.2100000000,0.0000000000,23.8070000000,0.0000000000,2.4210000000,0.0043000000,109.3740000000,0.0000000000,ACCEPTED
FU018,TH,X13,1.4510000000,0.2260000000,0.2380000000,0.8340000000,0.8530000000,0.1860000000,2.4720000000,1.7940000000,0.2810000000,2.6270000000,2.5480000000,1.2900000000,,1.4590000000,0.1517000000,2.1720000000,0.0179000000,12.0170000000,0.0000000000,54.9610000000,0.0000000000,REJECTED
TU068,TH,X13,2.5000000000,0.6610000000,0.8560000000,0.4510000000,0.8960000000,0.4440000000,1.1700000000,1.2440000000,0.5460000000,1.3270000000,1.1270000000,1.0700000000,,5.4630000000,0.0000000000,6.4190000000,0.0000000000,3.5250000000,0.0001000000,88.5550000000,0.0000000000,CONDITIONALLY REJECTED
FP109,TH,X13,0.3940000000,0.3190000000,0.5600000000,0.5640000000,0.6820000000,0.3220000000,0.4190000000,0.7700000000,0.3930000000,0.7870000000,0.7430000000,0.5200000000,,30.6410000000,0.0000000000,43.0900000000,0.0000000000,2.7020000000,0.0014000000,134.0680000000,0.0000000000,ACCEPTED
FP118,TH,X13,0.3090000000,0.2440000000,0.3430000000,0.4960000000,0.6450000000,0.4360000000,0.4180000000,1.0440000000,0.4130000000,1.0240000000,0.9690000000,0.5500000000,,28.8050000000,0.0000000000,40.7500000000,0.0000000000,2.4130000000,0.0044000000,131.4110000000,0.0000000000,ACCEPTED
FP301,TH,X13,2.2350000000,0.2430000000,0.6850000000,0.0450000000,0.7520000000,0.1890000000,2.3560000000,1.5250000000,1.1180000000,0.5740000000,0.5200000000,1.3100000000,,2.2460000000,0.0144000000,3.3340000000,0.0003000000,14.9480000000,0.0000000000,35.6330000000,0.0002000000,REJECTED
FP306,TH,X13,2.5310000000,1.1520000000,0.2010000000,1.1050000000,2.1160000000,0.4130000000,2.9160000000,3.0000000000,0.3610000000,3.0000000000,2.9600000000,1.8400000000,,0.7120000000,0.7260000000,0.8750000000,0.5661000000,4.2110000000,0.0000000000,17.1640000000,0.1031000000,REJECTED
FP317,TH,X13,1.6540000000,1.1410000000,1.7430000000,0.5860000000,3.0000000000,0.3880000000,1.5230000000,2.0490000000,0.9570000000,1.4430000000,1.1930000000,1.6500000000,,2.7150000000,0.0031000000,2.7200000000,0.0029000000,1.8710000000,0.0335000000,43.0960000000,0.0000000000,REJECTED
FP321,TH,X13,2.4520000000,1.6920000000,0.5880000000,1.9160000000,3.0000000000,0.2230000000,1.2590000000,1.5050000000,0.9010000000,0.7980000000,0.7320000000,1.4200000000,,2.3020000000,0.0120000000,3.4340000000,0.0002000000,1.2970000000,0.2152000000,47.1540000000,0.0000000000,REJECTED
FP331,TH,X13,2.0770000000,0.9010000000,0.5230000000,0.1580000000,3.0000000000,0.4090000000,2.7630000000,2.7860000000,1.2390000000,1.3220000000,1.2150000000,1.8800000000,,0.6400000000,0.7923000000,1.1160000000,0.3510000000,7.0320000000,0.0000000000,15.5340000000,0.1593000000,REJECTED
FU064,TH,X13,1.5070000000,0.1500000000,0.1400000000,0.9020000000,0.5190000000,0.0680000000,2.3340000000,2.2110000000,0.3510000000,2.7690000000,2.4300000000,1.2500000000,,1.0670000000,0.3909000000,1.4170000000,0.1689000000,2.8110000000,0.0009000000,28.9690000000,0.0023000000,REJECTED
FU078,TH,X13,1.7140000000,0.1580000000,0.1850000000,0.4280000000,0.5440000000,0.1210000000,2.2380000000,2.1080000000,0.3490000000,2.9110000000,2.8440000000,1.2400000000,,1.1980000000,0.2920000000,1.5910000000,0.1048000000,2.9780000000,0.0005000000,37.8750000000,0.0001000000,REJECTED
FPF03,TH,X13,0.5200000000,0.2480000000,0.4010000000,0.9020000000,0.5690000000,0.3980000000,0.4950000000,0.8270000000,0.3760000000,0.8400000000,0.8210000000,0.5700000000,,33.8900000000,0.0000000000,46.7840000000,0.0000000000,5.3160000000,0.0000000000,147.5850000000,0.0000000000,ACCEPTED
TPF02,TH,X13,2.2050000000,0.1850000000,0.4740000000,0.3610000000,0.6880000000,0.3640000000,1.0660000000,1.4570000000,0.5360000000,1.7280000000,1.5620000000,0.9800000000,,4.4340000000,0.0000000000,6.6410000000,0.0000000000,2.7020000000,0.0014000000,48.3360000000,0.0000000000,CONDITIONALLY ACCEPTED
TUF01,TH,X13,1.7380000000,0.7520000000,0.8320000000,0.3610000000,0.9650000000,0.0250000000,1.1900000000,1.5880000000,0.8620000000,2.0990000000,1.8380000000,1.0500000000,,4.6470000000,0.0000000000,5.9870000000,0.0000000000,3.3140000000,0.0001000000,56.7410000000,0.0000000000,CONDITIONALLY REJECTED
TUF02,TH,X13,1.5060000000,0.4840000000,0.7620000000,0.6310000000,0.8060000000,0.2720000000,2.2190000000,1.6090000000,1.0030000000,2.8950000000,2.7200000000,1.3500000000,,3.6200000000,0.0001000000,4.1340000000,0.0000000000,11.2340000000,0.0000000000,32.1740000000,0.0007000000,REJECTED
NPF01,TH,X13,1.5210000000,0.1540000000,0.4430000000,0.0230000000,0.6390000000,0.0230000000,1.7960000000,1.4060000000,0.6250000000,1.4500000000,1.0610000000,0.9400000000,,3.5180000000,0.0002000000,4.6640000000,0.0000000000,7.6990000000,0.0000000000,65.1090000000,0.0000000000,CONDITIONALLY ACCEPTED
FPF05,TH,X13,0.7850000000,0.4140000000,0.4640000000,1.4430000000,0.6570000000,0.2050000000,0.6590000000,0.9080000000,0.5150000000,0.6630000000,0.6010000000,0.6800000000,,16.5090000000,0.0000000000,23.1580000000,0.0000000000,4.3620000000,0.0000000000,114.7010000000,0.0000000000,ACCEPTED
FPF08,TH,X13,0.2390000000,0.1970000000,0.4640000000,1.3750000000,0.8110000000,0.3220000000,0.4300000000,0.5060000000,0.3510000000,0.6770000000,0.6590000000,0.5500000000,,50.4000000000,0.0000000000,63.7990000000,0.0000000000,5.5240000000,0.0000000000,148.8390000000,0.0000000000,ACCEPTED
FPF09,TH,X13,0.9020000000,0.7200000000,0.9650000000,0.8340000000,3.0000000000,0.3060000000,0.6200000000,1.0260000000,0.5940000000,0.7910000000,0.7420000000,1.0100000000,,17.2250000000,0.0000000000,18.2760000000,0.0000000000,2.3540000000,0.0056000000,114.7500000000,0.0000000000,CONDITIONALLY REJECTED
NP061,TH,X13,1.4830000000,0.2330000000,0.3900000000,1.0370000000,0.8370000000,0.0440000000,1.0670000000,1.3910000000,0.5830000000,2.1780000000,2.0920000000,0.9800000000,,5.9690000000,0.0000000000,7.4550000000,0.0000000000,3.3260000000,0.0001000000,65.5700000000,0.0000000000,CONDITIONALLY ACCEPTED
FP510,TH,X13,1.4470000000,0.7720000000,0.9210000000,0.3830000000,0.9340000000,0.5560000000,0.5460000000,0.8770000000,0.5010000000,0.8490000000,0.6860000000,0.7700000000,,14.6630000000,0.0000000000,18.3050000000,0.0000000000,1.3050000000,0.2104000000,98.3760000000,0.0000000000,ACCEPTED
FP607,TH,X13,0.8820000000,0.5330000000,0.5900000000,0.4960000000,0.7840000000,0.0920000000,0.4920000000,1.0120000000,0.5610000000,0.6130000000,0.5060000000,0.5900000000,,14.0690000000,0.0000000000,19.5280000000,0.0000000000,0.8190000000,0.6481000000,104.9230000000,0.0000000000,ACCEPTED
NP081,TH,X13,2.2970000000,0.1710000000,0.5950000000,0.3610000000,0.6080000000,0.2440000000,1.4050000000,1.6870000000,0.2870000000,2.2540000000,2.0460000000,1.0900000000,,5.3340000000,0.0000000000,7.6820000000,0.0000000000,7.7750000000,0.0000000000,65.2770000000,0.0000000000,CONDITIONALLY REJECTED
FP511,TH,X13,1.7620000000,0.8160000000,1.0480000000,0.3610000000,0.8890000000,0.0910000000,0.9590000000,1.5220000000,0.5750000000,1.8210000000,1.5750000000,0.9800000000,,7.6660000000,0.0000000000,9.8750000000,0.0000000000,3.7190000000,0.0000000000,78.9390000000,0.0000000000,CONDITIONALLY ACCEPTED
FP512,TH,X13,1.4060000000,0.7220000000,1.0290000000,0.6540000000,0.8330000000,0.1410000000,0.6840000000,1.0290000000,0.4120000000,1.4930000000,1.4780000000,0.8400000000,,15.1480000000,0.0000000000,19.9690000000,0.0000000000,3.8920000000,0.0000000000,107.3720000000,0.0000000000,CONDITIONALLY ACCEPTED
TP129,TH,X13,1.8030000000,0.4090000000,0.4470000000,0.2930000000,0.5780000000,0.0680000000,1.1210000000,1.6760000000,0.9260000000,1.4940000000,1.3260000000,0.9200000000,,3.7990000000,0.0001000000,5.2490000000,0.0000000000,2.0600000000,0.0168000000,50.3280000000,0.0000000000,CONDITIONALLY ACCEPTED
FP014,REG_ISAN5,X13,0.4380000000,0.4180000000,0.4950000000,0.7030000000,0.5110000000,0.0830000000,0.5420000000,0.6930000000,0.5300000000,0.5450000000,0.5090000000,0.4900000000,,24.3760000000,0.0000000000,36.3660000000,0.0000000000,4.7880000000,0.0000000000,118.5710000000,0.0000000000,ACCEPTED
FP019,REG_ISAN5,X13,0.3450000000,0.3270000000,0.4290000000,1.0050000000,0.5650000000,0.4540000000,0.6340000000,0.7600000000,0.5800000000,0.6820000000,0.6680000000,0.5900000000,,23.6470000000,0.0000000000,31.8620000000,0.0000000000,6.1970000000,0.0000000000,111.6850000000,0.0000000000,ACCEPTED
FP038,REG_ISAN5,X13,2.1530000000,1.7270000000,0.3720000000,1.9840000000,3.0000000000,0.2810000000,1.5430000000,1.5920000000,1.2600000000,0.9640000000,0.8710000000,1.4800000000,,1.3150000000,0.2236000000,2.2320000000,0.0159000000,1.2080000000,0.2886000000,37.0450000000,0.0001000000,REJECTED
FU014,REG_ISAN5,X13,2.3830000000,0.9050000000,0.5190000000,1.3810000000,0.8680000000,0.4130000000,2.3300000000,2.0440000000,0.4710000000,2.1230000000,2.0290000000,1.4600000000,,1.7960000000,0.0611000000,2.6650000000,0.0039000000,7.3160000000,0.0000000000,45.1460000000,0.0000000000,REJECTED
FU015,REG_ISAN5,X13,3.0000000000,3.0000000000,2.4550000000,0.2010000000,3.0000000000,0.5310000000,2.5430000000,2.1980000000,0.9690000000,3.0000000000,2.4940000000,2.0700000000,,1.9130000000,0.0434000000,1.7780000000,0.0633000000,6.1620000000,0.0000000000,15.5090000000,0.1604000000,REJECTED
FU018,REG_ISAN5,X13,1.6740000000,0.2490000000,0.3320000000,0.7030000000,0.7270000000,0.0930000000,2.4300000000,2.1930000000,0.4640000000,2.7790000000,2.7130000000,1.3400000000,,1.5640000000,0.1172000000,2.4950000000,0.0068000000,10.2160000000,0.0000000000,30.4940000000,0.0013000000,REJECTED
TU068,REG_ISAN5,X13,3.0000000000,1.9970000000,1.4960000000,0.1760000000,3.0000000000,0.6080000000,1.5090000000,1.8790000000,0.8970000000,2.5690000000,2.3460000000,1.7000000000,,2.8540000000,0.0023000000,3.0120000000,0.0012000000,2.2390000000,0.0164000000,32.0100000000,0.0008000000,REJECTED
FP109,REG_ISAN5,X13,2.0720000000,1.3470000000,1.1240000000,0.5780000000,3.0000000000,0.3470000000,1.0350000000,1.1970000000,0.9260000000,0.9930000000,0.9540000000,1.2800000000,,6.0310000000,0.0000000000,7.4530000000,0.0000000000,2.9900000000,0.0015000000,69.1720000000,0.0000000000,REJECTED
FP118,REG_ISAN5,X13,2.0560000000,1.5110000000,1.0280000000,0.0500000000,1.1630000000,0.4450000000,1.0280000000,1.3330000000,0.6820000000,1.4800000000,1.4130000000,1.0400000000,,6.2190000000,0.0000000000,6.9480000000,0.0000000000,2.5620000000,0.0059000000,62.5280000000,0.0000000000,CONDITIONALLY REJECTED
FP301,REG_ISAN5,X13,3.0000000000,0.5210000000,0.5060000000,0.6280000000,0.6950000000,0.3430000000,2.5130000000,1.7920000000,1.3840000000,1.0880000000,0.9070000000,1.4200000000,,1.5630000000,0.1175000000,1.9280000000,0.0406000000,7.2070000000,0.0000000000,27.5650000000,0.0038000000,REJECTED
FP306,REG_ISAN5,X13,3.0000000000,1.5140000000,0.3000000000,0.9290000000,3.0000000000,0.6230000000,2.9910000000,2.6170000000,0.8420000000,2.9260000000,2.5830000000,2.0200000000,,0.7040000000,0.7333000000,0.7880000000,0.6520000000,3.7060000000,0.0001000000,14.4950000000,0.2068000000,REJECTED
FP317,REG_ISAN5,X13,2.0500000000,1.3640000000,1.6580000000,0.2760000000,3.0000000000,0.2170000000,0.9770000000,1.2470000000,0.7910000000,1.5390000000,1.4870000000,1.3300000000,,4.2190000000,0.0000000000,4.2750000000,0.0000000000,0.3870000000,0.9589000000,40.1630000000,0.0000000000,REJECTED
FP321,REG_ISAN5,X13,2.6620000000,1.8580000000,0.4420000000,1.6830000000,3.0000000000,0.3760000000,1.6000000000,1.7110000000,1.2370000000,0.9420000000,0.8400000000,1.5500000000,,1.2260000000,0.2766000000,2.0990000000,0.0241000000,1.2490000000,0.2628000000,31.2920000000,0.0010000000,REJECTED
FP331,REG_ISAN5,X13,3.0000000000,1.6270000000,0.9310000000,0.7030000000,3.0000000000,0.0310000000,2.4720000000,1.7710000000,1.5650000000,1.3470000000,1.2890000000,1.7600000000,,1.4540000000,0.1570000000,2.1750000000,0.0190000000,8.4260000000,0.0000000000,25.2310000000,0.0084000000,REJECTED
FU064,REG_ISAN5,X13,2.4070000000,0.2150000000,0.3140000000,0.7790000000,0.7150000000,0.2590000000,2.3770000000,2.2990000000,0.5340000000,2.8240000000,2.7520000000,1.4500000000,,0.9640000000,0.4828000000,1.3340000000,0.2122000000,2.6910000000,0.0039000000,21.2370000000,0.0310000000,REJECTED
FU078,REG_ISAN5,X13,1.8740000000,0.1750000000,0.2670000000,0.3270000000,0.6550000000,0.1810000000,2.6530000000,2.2300000000,0.7040000000,2.5710000000,2.3610000000,1.3600000000,,0.7320000000,0.7058000000,1.0180000000,0.4341000000,2.4410000000,0.0087000000,21.9780000000,0.0245000000,REJECTED
FPF03,REG_ISAN5,X13,2.8650000000,1.5690000000,1.2140000000,0.2510000000,3.0000000000,0.3980000000,1.0310000000,1.3320000000,0.8100000000,1.4230000000,1.3590000000,1.4000000000,,6.4550000000,0.0000000000,7.0930000000,0.0000000000,2.6940000000,0.0039000000,66.9520000000,0.0000000000,REJECTED
TPF02,REG_ISAN5,X13,3.0000000000,3.0000000000,2.1950000000,0.1760000000,3.0000000000,0.7970000000,3.0000000000,1.5350000000,1.0660000000,1.5280000000,1.2100000000,2.1500000000,,0.6520000000,0.7808000000,0.6750000000,0.7601000000,3.4450000000,0.0003000000,9.1880000000,0.6045000000,REJECTED
TUF01,REG_ISAN5,X13,3.0000000000,3.0000000000,3.0000000000,0.5020000000,3.0000000000,0.9030000000,2.0240000000,2.3920000000,0.8170000000,2.5490000000,2.1660000000,2.0700000000,,2.2150000000,0.0173000000,1.7180000000,0.0752000000,2.3610000000,0.0112000000,19.3990000000,0.0543000000,REJECTED
TUF02,REG_ISAN5,X13,3.0000000000,2.4580000000,1.1310000000,2.1350000000,3.0000000000,0.0060000000,2.7650000000,2.5130000000,1.0860000000,2.8450000000,1.9080000000,2.0800000000,,1.3900000000,0.1853000000,1.1120000000,0.3560000000,6.3420000000,0.0000000000,11.8710000000,0.3734000000,REJECTED
NPF01,REG_ISAN5,X13,3.0000000000,0.7600000000,1.0130000000,0.6280000000,1.1540000000,0.0750000000,2.6060000000,2.4250000000,0.7030000000,3.0000000000,2.3410000000,1.6700000000,,1.1010000000,0.3659000000,1.5280000000,0.1280000000,7.4590000000,0.0000000000,17.9070000000,0.0838000000,REJECTED
FPF05,REG_ISAN5,X13,3.0000000000,2.5730000000,1.6900000000,0.5530000000,3.0000000000,0.0030000000,2.2070000000,1.5040000000,1.3000000000,0.9100000000,0.8430000000,1.6900000000,,2.5900000000,0.0053000000,3.1020000000,0.0009000000,7.7400000000,0.0000000000,32.9110000000,0.0005000000,REJECTED
FPF08,REG_ISAN5,X13,0.7340000000,0.4240000000,0.5010000000,1.2310000000,3.0000000000,0.4960000000,1.2350000000,1.3690000000,0.7480000000,2.0660000000,1.4890000000,1.3500000000,,6.4280000000,0.0000000000,8.4870000000,0.0000000000,6.2960000000,0.0000000000,60.8340000000,0.0000000000,REJECTED
FPF09,REG_ISAN5,X13,1.8500000000,1.5250000000,1.6370000000,0.1000000000,3.0000000000,0.5670000000,0.5580000000,0.7660000000,0.4750000000,0.8220000000,0.8170000000,1.1200000000,,22.6580000000,0.0000000000,20.2230000000,0.0000000000,1.8710000000,0.0496000000,91.1130000000,0.0000000000,CONDITIONALLY REJECTED
NP061,REG_ISAN5,X13,2.8270000000,1.5460000000,0.8030000000,0.1000000000,1.0830000000,0.5630000000,1.4100000000,1.5590000000,1.0730000000,1.3840000000,1.2650000000,1.2300000000,,2.5930000000,0.0052000000,3.4940000000,0.0002000000,2.2990000000,0.0136000000,40.1040000000,0.0000000000,REJECTED
FP510,REG_ISAN5,STL_FALLBACK,,,,,,,,,,,,,,,,,,,,,,
FP607,REG_ISAN5,X13,1.0510000000,0.7550000000,0.9140000000,0.7790000000,0.9370000000,0.3000000000,0.4150000000,0.7720000000,0.6180000000,0.7610000000,0.7520000000,0.7000000000,,22.0440000000,0.0000000000,30.6090000000,0.0000000000,1.1790000000,0.3087000000,98.0370000000,0.0000000000,ACCEPTED
NP081,REG_ISAN5,X13,3.0000000000,0.5700000000,0.8070000000,0.2010000000,0.7220000000,0.5980000000,1.2950000000,1.7030000000,0.4220000000,1.9000000000,1.6740000000,1.1900000000,,3.4410000000,0.0003000000,4.3970000000,0.0000000000,2.5820000000,0.0056000000,41.7430000000,0.0000000000,CONDITIONALLY REJECTED
FP511,REG_ISAN5,X13,3.0000000000,2.6370000000,1.4090000000,0.1760000000,3.0000000000,0.6340000000,1.0860000000,1.8300000000,0.4680000000,2.1740000000,1.9440000000,1.5400000000,,4.3580000000,0.0000000000,4.3030000000,0.0000000000,1.0490000000,0.4086000000,44.5330000000,0.0000000000,REJECTED
FP512,REG_ISAN5,X13,3.0000000000,3.0000000000,1.6890000000,0.1000000000,3.0000000000,0.6900000000,1.6060000000,1.3150000000,1.1340000000,1.5340000000,1.4290000000,1.7500000000,,2.8530000000,0.0023000000,3.3870000000,0.0004000000,3.4930000000,0.0003000000,31.7430000000,0.0008000000,REJECTED
TP129,REG_ISAN5,X13,3.0000000000,0.6690000000,0.9230000000,0.2010000000,0.9760000000,0.1700000000,1.4850000000,2.3290000000,1.0180000000,1.7660000000,1.3360000000,1.3000000000,,1.9740000000,0.0362000000,2.2110000000,0.0170000000,0.9190000000,0.5245000000,24.3550000000,0.0113000000,REJECTED
FP014,TH-30,X13,0.5020000000,0.4080000000,0.5380000000,0.4770000000,0.6230000000,0.0860000000,0.5760000000,0.6560000000,0.5110000000,0.4140000000,0.3630000000,0.4900000000,,25.4080000000,0.0000000000,37.2490000000,0.0000000000,5.9180000000,0.0000000000,116.9920000000,0.0000000000,ACCEPTED
FP019,TH-30,X13,0.5520000000,0.5170000000,0.5550000000,0.1760000000,0.6090000000,0.2100000000,0.6050000000,0.7940000000,0.6080000000,0.7310000000,0.6990000000,0.5400000000,,22.1510000000,0.0000000000,29.7810000000,0.0000000000,4.9430000000,0.0000000000,100.4470000000,0.0000000000,ACCEPTED
FP038,TH-30,X13,2.1980000000,1.7560000000,0.4820000000,1.2310000000,3.0000000000,0.2870000000,1.6140000000,1.6070000000,1.2190000000,0.9170000000,0.8860000000,1.4400000000,,1.2980000000,0.2327000000,2.1210000000,0.0225000000,1.3490000000,0.2063000000,35.6880000000,0.0002000000,REJECTED
FU014,TH-30,X13,3.0000000000,1.2640000000,0.9910000000,0.7790000000,3.0000000000,0.0400000000,2.5040000000,2.2190000000,0.9890000000,3.0000000000,2.7670000000,1.9100000000,,1.3650000000,0.1975000000,1.9760000000,0.0351000000,8.1890000000,0.0000000000,29.9840000000,0.0016000000,REJECTED
FU015,TH-30,X13,3.0000000000,2.6420000000,1.5620000000,0.5530000000,3.0000000000,0.4580000000,2.8400000000,3.0000000000,0.9940000000,3.0000000000,3.0000000000,2.1400000000,,0.8970000000,0.5453000000,0.9340000000,0.5097000000,2.6910000000,0.0039000000,13.9270000000,0.2371000000,REJECTED
FU018,TH-30,X13,2.7400000000,0.7040000000,0.7090000000,0.6280000000,1.2350000000,0.7830000000,2.5100000000,1.7850000000,0.4010000000,2.0580000000,1.7610000000,1.5400000000,,1.3910000000,0.1850000000,1.9450000000,0.0386000000,6.3260000000,0.0000000000,32.4780000000,0.0006000000,REJECTED
TU068,TH-30,X13,3.0000000000,2.2820000000,1.2850000000,0.1000000000,3.0000000000,0.1680000000,1.8230000000,2.0910000000,0.4910000000,2.0710000000,1.9710000000,1.6300000000,,1.8500000000,0.0522000000,1.9590000000,0.0370000000,2.0060000000,0.0333000000,28.1520000000,0.0031000000,REJECTED
FP109,TH-30,STL_FALLBACK,,,,,,,,,,,,,,,,,,,,,,
FP118,TH-30,X13,3.0000000000,3.0000000000,2.0320000000,0.4020000000,3.0000000000,0.7120000000,1.1930000000,0.8320000000,0.7510000000,0.7890000000,0.7470000000,1.5900000000,,4.3770000000,0.0000000000,4.9180000000,0.0000000000,2.3300000000,0.0124000000,48.2370000000,0.0000000000,REJECTED
FP301,TH-30,X13,2.9780000000,0.7330000000,0.6210000000,0.4020000000,0.8180000000,0.1050000000,2.4710000000,1.7270000000,1.4120000000,1.0550000000,0.9460000000,1.3900000000,,1.4720000000,0.1499000000,2.1800000000,0.0187000000,7.9170000000,0.0000000000,26.3190000000,0.0058000000,REJECTED
FP306,TH-30,X13,2.4900000000,1.2420000000,0.2280000000,0.7790000000,3.0000000000,0.5180000000,2.9910000000,2.8150000000,0.7910000000,3.0000000000,2.7830000000,1.9500000000,,0.6490000000,0.7835000000,0.7870000000,0.6526000000,4.6260000000,0.0000000000,11.7270000000,0.3845000000,REJECTED
FP317,TH-30,X13,2.9670000000,1.9350000000,1.4860000000,0.5020000000,3.0000000000,0.0120000000,0.9910000000,1.4080000000,0.9140000000,1.6540000000,1.5460000000,1.4400000000,,4.2800000000,0.0000000000,4.3170000000,0.0000000000,0.4930000000,0.9044000000,39.0140000000,0.0001000000,REJECTED
FP321,TH-30,X13,2.9070000000,2.2160000000,0.4310000000,1.0050000000,3.0000000000,0.3070000000,1.6860000000,1.6810000000,1.2660000000,1.0550000000,0.9810000000,1.5300000000,,1.2250000000,0.2769000000,2.0920000000,0.0246000000,1.6300000000,0.0984000000,30.6460000000,0.0013000000,REJECTED
FP331,TH-30,X13,3.0000000000,1.6920000000,1.1320000000,0.4020000000,3.0000000000,0.0110000000,2.1860000000,1.6300000000,1.2840000000,1.4200000000,1.3540000000,1.6700000000,,1.6540000000,0.0914000000,2.4620000000,0.0076000000,5.5080000000,0.0000000000,25.9890000000,0.0065000000,REJECTED
FU064,TH-30,X13,2.0860000000,0.2180000000,0.3200000000,0.8540000000,0.7050000000,0.1860000000,2.3270000000,2.3970000000,0.7360000000,3.0000000000,2.9040000000,1.4400000000,,0.9100000000,0.5332000000,1.2760000000,0.2444000000,2.2730000000,0.0147000000,17.8430000000,0.0853000000,REJECTED
FU078,TH-30,X13,2.0930000000,0.2320000000,0.3590000000,0.1000000000,0.6870000000,0.0880000000,2.3660000000,2.3520000000,0.8200000000,2.6820000000,2.4890000000,1.3400000000,,0.9170000000,0.5264000000,1.2820000000,0.2408000000,2.4530000000,0.0084000000,17.3310000000,0.0985000000,REJECTED
FPF03,TH-30,X13,2.2500000000,1.4320000000,0.9180000000,0.1260000000,1.0270000000,0.0680000000,1.0990000000,1.4820000000,1.0150000000,1.0570000000,0.9820000000,1.0100000000,,6.1790000000,0.0000000000,7.3600000000,0.0000000000,3.5940000000,0.0002000000,56.1810000000,0.0000000000,CONDITIONALLY REJECTED
TPF02,TH-30,X13,3.0000000000,3.0000000000,1.9500000000,0.7790000000,3.0000000000,0.3480000000,2.8060000000,2.3420000000,0.7120000000,2.8070000000,2.7220000000,2.0900000000,,0.9650000000,0.4816000000,1.0380000000,0.4165000000,3.9960000000,0.0001000000,17.1490000000,0.1036000000,REJECTED
TUF01,TH-30,X13,3.0000000000,3.0000000000,3.0000000000,0.1260000000,3.0000000000,0.9000000000,2.5310000000,1.5570000000,1.2060000000,1.6600000000,1.5850000000,2.1800000000,,1.3290000000,0.2158000000,1.2930000000,0.2346000000,3.1890000000,0.0008000000,16.1650000000,0.1351000000,REJECTED
TUF02,TH-30,X13,3.0000000000,3.0000000000,1.5080000000,3.0000000000,3.0000000000,0.7310000000,2.5350000000,2.0900000000,0.3720000000,2.0020000000,0.8940000000,2.0700000000,,1.9040000000,0.0445000000,1.8170000000,0.0564000000,9.9010000000,0.0000000000,18.1640000000,0.0779000000,REJECTED
NPF01,TH-30,X13,3.0000000000,1.9100000000,1.4050000000,0.8540000000,2.5380000000,0.6110000000,2.5880000000,2.4850000000,0.4120000000,2.8710000000,2.3470000000,1.9400000000,,1.5660000000,0.1166000000,1.5930000000,0.1071000000,7.7930000000,0.0000000000,12.1760000000,0.3506000000,REJECTED
FPF05,TH-30,X13,3.0000000000,3.0000000000,1.6670000000,0.0500000000,3.0000000000,0.3840000000,1.9000000000,1.7550000000,1.0550000000,1.3640000000,1.2070000000,1.6600000000,,2.5810000000,0.0054000000,2.8430000000,0.0022000000,4.5080000000,0.0000000000,25.6730000000,0.0073000000,REJECTED
FPF08,TH-30,X13,0.8560000000,0.6050000000,0.5980000000,1.4570000000,3.0000000000,0.3540000000,1.2340000000,1.7250000000,0.6550000000,2.1060000000,1.5130000000,1.4200000000,,7.8720000000,0.0000000000,7.7380000000,0.0000000000,5.5210000000,0.0000000000,56.7660000000,0.0000000000,REJECTED
FPF09,TH-30,X13,1.3650000000,0.9210000000,1.3320000000,0.0500000000,3.0000000000,0.1160000000,0.5970000000,0.7420000000,0.4490000000,0.7060000000,0.6500000000,0.9700000000,,18.2620000000,0.0000000000,17.7010000000,0.0000000000,1.8710000000,0.0496000000,95.8570000000,0.0000000000,CONDITIONALLY ACCEPTED
NP061,TH-30,X13,3.0000000000,1.4230000000,0.9810000000,1.0800000000,1.4470000000,0.5230000000,1.3210000000,1.9860000000,0.8950000000,2.1060000000,1.9270000000,1.4600000000,,2.4000000000,0.0097000000,2.9790000000,0.0014000000,1.1330000000,0.3416000000,30.9840000000,0.0011000000,REJECTED
FP510,TH-30,X13,3.0000000000,3.0000000000,2.1450000000,0.2010000000,3.0000000000,0.6430000000,1.3230000000,1.3070000000,0.9900000000,1.3200000000,1.2720000000,1.7300000000,,2.3910000000,0.0100000000,2.7170000000,0.0033000000,0.8350000000,0.6053000000,26.8300000000,0.0049000000,REJECTED
FP607,TH-30,X13,2.2030000000,1.7540000000,1.8070000000,0.5780000000,3.0000000000,0.5820000000,0.5190000000,0.9540000000,0.5740000000,0.7550000000,0.6430000000,1.2300000000,,14.2370000000,0.0000000000,16.1770000000,0.0000000000,0.5730000000,0.8476000000,84.5200000000,0.0000000000,REJECTED
NP081,TH-30,X13,3.0000000000,0.9250000000,1.2500000000,0.1000000000,1.3320000000,0.3180000000,1.3460000000,1.7750000000,0.8080000000,2.0450000000,1.8720000000,1.3400000000,,2.6680000000,0.0041000000,3.2140000000,0.0006000000,1.5480000000,0.1231000000,33.9440000000,0.0004000000,REJECTED
FP511,TH-30,X13,3.0000000000,3.0000000000,2.3240000000,0.4020000000,3.0000000000,0.8400000000,1.4740000000,0.9950000000,0.7520000000,1.0660000000,1.0410000000,1.7300000000,,2.6420000000,0.0045000000,2.5400000000,0.0059000000,1.3440000000,0.2085000000,27.9760000000,0.0033000000,REJECTED
FP512,TH-30,X13,3.0000000000,3.0000000000,1.6790000000,0.0500000000,3.0000000000,0.3060000000,1.4730000000,2.4890000000,0.9570000000,3.0000000000,2.7540000000,1.7600000000,,2.0180000000,0.0317000000,1.9990000000,0.0327000000,0.5590000000,0.8584000000,18.5630000000,0.0694000000,REJECTED
TP129,TH-30,X13,3.0000000000,2.1300000000,1.4940000000,0.2510000000,1.9340000000,1.0710000000,1.7170000000,2.4550000000,1.0110000000,2.4340000000,2.1350000000,1.7100000000,,1.3550000000,0.2025000000,1.3650000000,0.1961000000,0.3500000000,0.9718000000,18.6480000000,0.0677000000,REJECTED
FP014,TH-31,X13,1.0890000000,0.8520000000,0.8280000000,0.0500000000,0.8910000000,0.0300000000,0.8640000000,0.8750000000,0.6540000000,0.5740000000,0.4740000000,0.6800000000,,11.1660000000,0.0000000000,14.2640000000,0.0000000000,4.7590000000,0.0000000000,90.5620000000,0.0000000000,ACCEPTED
FP019,TH-31,X13,1.2270000000,0.4760000000,0.6140000000,0.6280000000,0.6740000000,0.1010000000,0.7090000000,1.0250000000,0.6510000000,0.6360000000,0.5440000000,0.6900000000,,10.8120000000,0.0000000000,16.3800000000,0.0000000000,3.1490000000,0.0009000000,88.2110000000,0.0000000000,ACCEPTED
FP038,TH-31,X13,2.2060000000,1.7500000000,0.5080000000,1.0800000000,3.0000000000,0.3290000000,1.6360000000,1.7360000000,1.3240000000,0.9150000000,0.7730000000,1.4600000000,,1.1340000000,0.3407000000,2.0980000000,0.0242000000,1.4110000000,0.1764000000,31.6260000000,0.0009000000,REJECTED
FU014,TH-31,X13,2.7220000000,1.3680000000,0.2070000000,2.2100000000,0.7680000000,0.3020000000,2.4270000000,2.5060000000,0.2950000000,2.6750000000,2.2270000000,1.5900000000,,1.7970000000,0.0609000000,2.5200000000,0.0063000000,9.2340000000,0.0000000000,47.2650000000,0.0000000000,REJECTED
FU015,TH-31,X13,1.6640000000,0.7160000000,0.0290000000,3.0000000000,3.0000000000,0.0390000000,2.7570000000,2.8760000000,2.0080000000,3.0000000000,3.0000000000,2.0500000000,,1.1680000000,0.3155000000,0.9960000000,0.4529000000,2.7160000000,0.0036000000,19.0340000000,0.0605000000,REJECTED
FU018,TH-31,X13,2.8210000000,0.5820000000,0.7380000000,0.7790000000,0.8750000000,0.1460000000,1.8490000000,1.9720000000,0.7090000000,2.4010000000,2.2960000000,1.3900000000,,2.4020000000,0.0096000000,3.8020000000,0.0001000000,6.3350000000,0.0000000000,38.8860000000,0.0001000000,REJECTED
TU068,TH-31,X13,3.0000000000,2.5870000000,2.2800000000,2.4360000000,3.0000000000,0.7800000000,2.9160000000,2.0850000000,1.4060000000,3.0000000000,2.9610000000,2.4000000000,,0.9950000000,0.4549000000,0.8750000000,0.5668000000,5.9490000000,0.0000000000,15.4900000000,0.1611000000,REJECTED
FP109,TH-31,X13,3.0000000000,3.0000000000,1.4000000000,0.0500000000,3.0000000000,0.2580000000,2.6700000000,2.7990000000,0.4840000000,2.8000000000,2.0670000000,1.9200000000,,0.3950000000,0.9559000000,0.4300000000,0.9405000000,0.7530000000,0.6857000000,8.7990000000,0.6404000000,REJECTED
FP118,TH-31,X13,3.0000000000,3.0000000000,2.2120000000,0.3520000000,3.0000000000,0.5990000000,2.2570000000,2.4610000000,0.4890000000,2.3940000000,1.6270000000,1.9200000000,,1.8820000000,0.0475000000,2.0120000000,0.0314000000,4.5020000000,0.0000000000,19.1970000000,0.0577000000,REJECTED
FP301,TH-31,X13,3.0000000000,0.5220000000,0.8170000000,0.7790000000,1.0060000000,0.4290000000,2.7230000000,1.6660000000,1.0960000000,1.1910000000,1.1310000000,1.5400000000,,0.7480000000,0.6902000000,1.2020000000,0.2913000000,4.2930000000,0.0000000000,15.8350000000,0.1474000000,REJECTED
FP306,TH-31,X13,2.8330000000,1.1990000000,0.4050000000,0.6280000000,3.0000000000,0.5410000000,2.9640000000,2.6280000000,1.0990000000,2.9010000000,2.5340000000,1.9900000000,,0.7290000000,0.7089000000,0.8170000000,0.6229000000,2.6450000000,0.0046000000,13.2430000000,0.2777000000,REJECTED
FP317,TH-31,X13,1.9310000000,1.2180000000,1.4890000000,0.3270000000,3.0000000000,0.2250000000,0.9240000000,1.1850000000,0.8600000000,1.2790000000,1.2430000000,1.2700000000,,5.0560000000,0.0000000000,5.2690000000,0.0000000000,0.6670000000,0.7674000000,47.2720000000,0.0000000000,REJECTED
FP321,TH-31,X13,2.9950000000,2.2280000000,0.4880000000,1.5320000000,3.0000000000,0.2950000000,1.6030000000,1.6900000000,1.2750000000,0.8150000000,0.7210000000,1.5600000000,,1.2190000000,0.2809000000,2.1880000000,0.0182000000,1.4160000000,0.1739000000,33.7470000000,0.0004000000,REJECTED
FP331,TH-31,X13,3.0000000000,3.0000000000,1.3500000000,0.1000000000,3.0000000000,0.2280000000,2.6760000000,1.9550000000,1.7100000000,1.0570000000,0.8030000000,1.8100000000,,0.9000000000,0.5424000000,1.3150000000,0.2221000000,18.2800000000,0.0000000000,15.1340000000,0.1764000000,REJECTED
FU064,TH-31,X13,3.0000000000,0.8110000000,1.2370000000,0.4270000000,1.7410000000,0.3150000000,1.7110000000,1.8890000000,0.9460000000,2.3120000000,2.3110000000,1.5400000000,,1.9470000000,0.0393000000,2.5260000000,0.0062000000,2.5990000000,0.0053000000,29.4550000000,0.0019000000,REJECTED
FU078,TH-31,X13,3.0000000000,0.5130000000,0.8630000000,0.2760000000,1.3520000000,0.1710000000,2.2370000000,2.0180000000,0.9100000000,2.2780000000,1.9730000000,1.5200000000,,1.1380000000,0.3373000000,1.3570000000,0.2000000000,2.1940000000,0.0188000000,23.8020000000,0.0136000000,REJECTED
FPF03,TH-31,X13,3.0000000000,3.0000000000,1.8320000000,0.7790000000,3.0000000000,0.8680000000,2.9910000000,1.7440000000,0.4430000000,0.8170000000,0.7320000000,2.0600000000,,0.6140000000,0.8141000000,0.5430000000,0.8710000000,1.6100000000,0.1042000000,7.2110000000,0.7818000000,REJECTED
TPF02,TH-31,STL_FALLBACK,,,,,,,,,,,,,,,,,,,,,,
TUF01,TH-31,X13,2.1870000000,1.7420000000,0.0610000000,2.8130000000,3.0000000000,1.4760000000,2.0570000000,0.8400000000,0.3450000000,1.1240000000,1.0790000000,1.6700000000,,1.8530000000,0.0518000000,2.0580000000,0.0274000000,3.4720000000,0.0003000000,72.1490000000,0.0000000000,REJECTED
TUF02,TH-31,X13,2.5420000000,1.8220000000,0.4020000000,3.0000000000,2.5220000000,0.1850000000,1.6160000000,2.5670000000,0.5720000000,2.3360000000,1.2330000000,1.6700000000,,2.3260000000,0.0122000000,2.5360000000,0.0060000000,2.0830000000,0.0264000000,30.1820000000,0.0015000000,REJECTED
NPF01,TH-31,X13,0.1850000000,0.1110000000,0.0000000000,2.2100000000,3.0000000000,0.6050000000,2.7850000000,2.9760000000,0.9350000000,3.0000000000,3.0000000000,1.9500000000,,0.8240000000,0.6167000000,1.0760000000,0.3852000000,6.3190000000,0.0000000000,24.1870000000,0.0120000000,REJECTED
FPF05,TH-31,X13,2.6530000000,2.1170000000,0.4200000000,1.8340000000,3.0000000000,0.6370000000,2.3770000000,2.3440000000,1.4200000000,2.0150000000,1.7130000000,1.9000000000,,0.6830000000,0.7526000000,1.0930000000,0.3714000000,1.7840000000,0.0639000000,30.9250000000,0.0011000000,REJECTED
FPF08,TH-31,NO_SIGNAL,,,,,,,,,,,,,,,,,,,,,,
FPF09,TH-31,X13,1.9500000000,2.0250000000,1.5320000000,0.6280000000,3.0000000000,0.0610000000,0.7180000000,1.0730000000,0.6760000000,0.7720000000,0.6950000000,1.1700000000,,12.8540000000,0.0000000000,12.7710000000,0.0000000000,2.0550000000,0.0288000000,72.9420000000,0.0000000000,CONDITIONALLY REJECTED
NP061,TH-31,X13,3.0000000000,3.0000000000,1.8950000000,0.4020000000,3.0000000000,0.4630000000,2.6110000000,2.3390000000,1.5620000000,1.6730000000,1.5860000000,1.9900000000,,1.2900000000,0.2376000000,1.5100000000,0.1344000000,13.2310000000,0.0000000000,15.2980000000,0.1693000000,REJECTED
FP510,TH-31,X13,3.0000000000,3.0000000000,1.2920000000,0.9290000000,3.0000000000,0.3160000000,2.4530000000,2.0750000000,0.8230000000,1.7030000000,1.4960000000,1.8400000000,,0.7950000000,0.6442000000,0.9050000000,0.5370000000,1.2980000000,0.2338000000,14.0770000000,0.2288000000,REJECTED
FP607,TH-31,X13,2.4460000000,1.3030000000,1.5300000000,0.0500000000,3.0000000000,0.2600000000,1.0170000000,1.3040000000,1.0390000000,1.3260000000,1.2140000000,1.3600000000,,6.0870000000,0.0000000000,6.6800000000,0.0000000000,2.2750000000,0.0147000000,54.9680000000,0.0000000000,REJECTED
NP081,TH-31,X13,3.0000000000,1.5810000000,0.8530000000,0.6280000000,1.0850000000,0.2300000000,1.9260000000,2.5090000000,0.3930000000,2.6650000000,2.4940000000,1.5000000000,,2.5200000000,0.0066000000,3.1370000000,0.0008000000,5.4220000000,0.0000000000,37.8120000000,0.0001000000,REJECTED
FP511,TH-31,X13,3.0000000000,3.0000000000,1.2680000000,2.4360000000,3.0000000000,0.6720000000,2.3180000000,1.9250000000,1.0160000000,2.5000000000,2.2020000000,2.0600000000,,1.7620000000,0.0674000000,2.0960000000,0.0243000000,5.1730000000,0.0000000000,33.1030000000,0.0005000000,REJECTED
FP512,TH-31,X13,2.4200000000,2.6670000000,1.7620000000,1.9090000000,3.0000000000,0.0710000000,2.5440000000,0.9190000000,0.8220000000,1.9370000000,1.9280000000,1.8500000000,,2.1030000000,0.0245000000,1.7750000000,0.0638000000,7.5020000000,0.0000000000,23.6740000000,0.0142000000,REJECTED
TP129,TH-31,X13,3.0000000000,2.9440000000,1.6820000000,0.6280000000,3.0000000000,0.4080000000,2.4670000000,2.6680000000,0.3950000000,2.5600000000,1.6930000000,1.9300000000,,2.1390000000,0.0219000000,1.9630000000,0.0365000000,5.6300000000,0.0000000000,21.0690000000,0.0327000000,REJECTED
FP014,TH-34,X13,0.9440000000,0.6110000000,0.8670000000,0.2010000000,0.8040000000,0.0900000000,0.7160000000,0.8610000000,0.7060000000,0.7660000000,0.7100000000,0.6700000000,,16.7490000000,0.0000000000,22.8800000000,0.0000000000,5.4960000000,0.0000000000,105.4900000000,0.0000000000,ACCEPTED
FP019,TH-34,X13,0.8120000000,0.6070000000,0.8610000000,0.6280000000,0.7910000000,0.1730000000,0.7290000000,0.9610000000,0.7640000000,0.9290000000,0.8930000000,0.7300000000,,16.1580000000,0.0000000000,22.0400000000,0.0000000000,5.4830000000,0.0000000000,102.5690000000,0.0000000000,ACCEPTED
FP038,TH-34,X13,2.6320000000,1.7780000000,0.4260000000,0.9290000000,3.0000000000,0.2090000000,1.6100000000,1.6860000000,1.2350000000,1.0960000000,1.0570000000,1.4700000000,,1.2490000000,0.2622000000,2.0290000000,0.0299000000,1.1720000000,0.3137000000,32.9730000000,0.0005000000,REJECTED
FU014,TH-34,X13,1.8690000000,1.0130000000,0.5070000000,1.4570000000,0.9270000000,0.0690000000,2.4160000000,2.3070000000,0.3430000000,2.1660000000,1.8280000000,1.4000000000,,2.1880000000,0.0189000000,2.6160000000,0.0046000000,9.1010000000,0.0000000000,53.0300000000,0.0000000000,REJECTED
FU015,TH-34,X13,3.0000000000,3.0000000000,1.1060000000,1.1550000000,3.0000000000,0.2890000000,2.6360000000,1.9520000000,0.8220000000,2.6860000000,2.3840000000,1.9500000000,,1.6920000000,0.0822000000,1.3320000000,0.2130000000,3.8350000000,0.0001000000,31.0790000000,0.0011000000,REJECTED
FU018,TH-34,X13,2.3570000000,0.4320000000,0.4640000000,0.6280000000,0.7760000000,0.2350000000,2.3840000000,2.0180000000,0.6540000000,2.4860000000,2.3110000000,1.4000000000,,1.5020000000,0.1383000000,2.2680000000,0.0142000000,6.2600000000,0.0000000000,33.0750000000,0.0005000000,REJECTED
TU068,TH-34,X13,3.0000000000,3.0000000000,2.5090000000,0.4770000000,3.0000000000,0.5780000000,2.6330000000,2.0150000000,1.0030000000,2.7420000000,2.3960000000,2.1000000000,,1.4320000000,0.1665000000,1.4380000000,0.1626000000,5.8780000000,0.0000000000,13.7460000000,0.2474000000,REJECTED
FP109,TH-34,X13,3.0000000000,2.6280000000,1.7970000000,0.5530000000,3.0000000000,0.3070000000,1.6500000000,1.5750000000,1.0020000000,1.3880000000,1.2620000000,1.6500000000,,2.6170000000,0.0049000000,2.6760000000,0.0038000000,2.5230000000,0.0067000000,34.1990000000,0.0003000000,REJECTED
FP118,TH-34,X13,3.0000000000,2.1730000000,1.9170000000,0.0500000000,3.0000000000,0.8870000000,1.0870000000,0.9660000000,0.6660000000,0.9800000000,0.8690000000,1.5300000000,,4.4530000000,0.0000000000,3.8570000000,0.0001000000,0.7030000000,0.7340000000,41.2260000000,0.0000000000,REJECTED
FP301,TH-34,X13,3.0000000000,0.8360000000,0.8530000000,0.5020000000,0.9080000000,0.2970000000,2.4570000000,1.7070000000,1.4390000000,1.4220000000,1.3800000000,1.4900000000,,2.1190000000,0.0233000000,2.2780000000,0.0137000000,13.1620000000,0.0000000000,30.4870000000,0.0013000000,REJECTED
FP306,TH-34,X13,3.0000000000,1.7050000000,0.3340000000,0.6280000000,3.0000000000,0.5970000000,2.9560000000,2.7090000000,0.7860000000,3.0000000000,2.7580000000,2.0000000000,,0.7270000000,0.7105000000,0.8260000000,0.6142000000,3.9340000000,0.0001000000,14.2540000000,0.2192000000,REJECTED
FP317,TH-34,X13,2.1890000000,1.2770000000,1.9660000000,0.3520000000,3.0000000000,0.1240000000,0.9620000000,1.2440000000,0.8040000000,1.5440000000,1.4420000000,1.3700000000,,4.2320000000,0.0000000000,4.3790000000,0.0000000000,0.3670000000,0.9665000000,36.4160000000,0.0001000000,REJECTED
FP321,TH-34,X13,3.0000000000,2.0030000000,0.5590000000,0.9290000000,3.0000000000,0.3970000000,1.6750000000,1.7540000000,1.2120000000,1.0710000000,1.0420000000,1.5700000000,,1.2130000000,0.2849000000,1.9180000000,0.0419000000,1.2530000000,0.2603000000,26.3340000000,0.0058000000,REJECTED
FP331,TH-34,X13,2.8320000000,1.4440000000,0.7720000000,0.7790000000,3.0000000000,0.0250000000,2.3520000000,1.6940000000,1.3850000000,1.3500000000,1.2980000000,1.6900000000,,1.8390000000,0.0539000000,2.5350000000,0.0060000000,7.0140000000,0.0000000000,26.4560000000,0.0055000000,REJECTED
FU064,TH-34,X13,3.0000000000,1.4930000000,1.2670000000,0.2510000000,3.0000000000,0.5360000000,2.8390000000,2.6440000000,0.8610000000,3.0000000000,3.0000000000,2.0500000000,,0.7850000000,0.6543000000,0.9840000000,0.4642000000,3.4120000000,0.0004000000,14.3850000000,0.2124000000,REJECTED
FU078,TH-34,X13,3.0000000000,0.6810000000,0.8670000000,0.4020000000,1.8860000000,0.2640000000,2.8150000000,3.0000000000,0.9920000000,3.0000000000,3.0000000000,1.8900000000,,0.7850000000,0.6540000000,1.0220000000,0.4305000000,3.3740000000,0.0004000000,8.4450000000,0.6729000000,REJECTED
FPF03,TH-34,X13,2.9990000000,1.9730000000,0.5340000000,1.3810000000,3.0000000000,0.0040000000,1.8490000000,2.2790000000,0.1780000000,2.2460000000,1.9780000000,1.6500000000,,1.7340000000,0.0730000000,1.7850000000,0.0620000000,1.7340000000,0.0737000000,46.4950000000,0.0000000000,REJECTED
TPF02,TH-34,X13,0.7560000000,0.3190000000,0.0050000000,2.5120000000,3.0000000000,0.1600000000,2.8810000000,2.3170000000,0.4690000000,2.0410000000,0.8330000000,1.6300000000,,0.8750000000,0.5665000000,0.9210000000,0.5225000000,7.5120000000,0.0000000000,31.6340000000,0.0009000000,REJECTED
TUF01,TH-34,X13,2.2540000000,2.4460000000,1.7950000000,2.2100000000,3.0000000000,0.4200000000,1.4790000000,0.7970000000,0.2080000000,0.7790000000,0.5620000000,1.5100000000,,4.7620000000,0.0000000000,3.6800000000,0.0001000000,3.0320000000,0.0013000000,22.5280000000,0.0206000000,REJECTED
TUF02,TH-34,X13,3.0000000000,3.0000000000,0.2390000000,3.0000000000,3.0000000000,0.0730000000,2.8070000000,3.0000000000,0.9750000000,3.0000000000,2.5590000000,2.1400000000,,0.9310000000,0.5132000000,0.8750000000,0.5664000000,2.2630000000,0.0152000000,9.1280000000,0.6101000000,REJECTED
NPF01,TH-34,X13,3.0000000000,1.2090000000,0.6570000000,1.0800000000,0.8860000000,0.1660000000,2.8170000000,2.5470000000,1.2950000000,3.0000000000,3.0000000000,1.7800000000,,0.5660000000,0.8531000000,1.0190000000,0.4332000000,7.6090000000,0.0000000000,8.5420000000,0.6641000000,REJECTED
FPF05,TH-34,X13,3.0000000000,2.9100000000,1.7260000000,1.3060000000,3.0000000000,0.4380000000,2.5880000000,1.7780000000,1.1690000000,1.5920000000,1.5210000000,1.9600000000,,1.4280000000,0.1679000000,1.4770000000,0.1468000000,4.2620000000,0.0000000000,9.2960000000,0.5946000000,REJECTED
FPF08,TH-34,X13,1.7760000000,1.7880000000,0.4910000000,3.0000000000,3.0000000000,0.0210000000,1.7390000000,2.2230000000,0.6160000000,3.0000000000,1.8770000000,1.9000000000,,2.2580000000,0.0152000000,2.5630000000,0.0055000000,2.8330000000,0.0025000000,38.3390000000,0.0001000000,REJECTED
FPF09,TH-34,X13,2.3460000000,1.8130000000,1.6520000000,0.2510000000,3.0000000000,0.4450000000,0.7860000000,0.9410000000,0.7200000000,0.8490000000,0.8140000000,1.2600000000,,12.6590000000,0.0000000000,12.0470000000,0.0000000000,2.6250000000,0.0049000000,78.4500000000,0.0000000000,REJECTED
NP061,TH-34,X13,3.0000000000,3.0000000000,2.1630000000,0.1760000000,3.0000000000,0.5410000000,2.8930000000,1.9100000000,1.0920000000,2.3050000000,2.1190000000,2.0500000000,,0.9730000000,0.4740000000,0.9050000000,0.5374000000,4.2990000000,0.0000000000,15.8570000000,0.1465000000,REJECTED
FP510,TH-34,X13,3.0000000000,3.0000000000,2.6730000000,0.7280000000,3.0000000000,0.6470000000,2.6210000000,1.7810000000,1.1400000000,1.2180000000,0.9320000000,2.0000000000,,1.1420000000,0.3343000000,1.4770000000,0.1468000000,5.7760000000,0.0000000000,26.4850000000,0.0055000000,REJECTED
FP607,TH-34,X13,2.9640000000,2.3790000000,2.0400000000,0.2510000000,3.0000000000,0.8920000000,0.6810000000,0.5570000000,0.4650000000,0.5920000000,0.5760000000,1.3800000000,,10.4480000000,0.0000000000,10.7600000000,0.0000000000,0.9940000000,0.4559000000,60.4120000000,0.0000000000,REJECTED
NP081,TH-34,X13,3.0000000000,0.8380000000,0.9020000000,0.2010000000,0.8190000000,0.4580000000,1.8020000000,2.3640000000,0.5770000000,2.6950000000,2.5540000000,1.4400000000,,2.2210000000,0.0170000000,2.7000000000,0.0035000000,3.5110000000,0.0003000000,29.7140000000,0.0018000000,REJECTED
FP511,TH-34,X13,3.0000000000,3.0000000000,1.5270000000,0.2510000000,3.0000000000,0.4760000000,2.2810000000,2.0800000000,0.7060000000,2.3090000000,1.9430000000,1.8300000000,,1.2260000000,0.2768000000,1.0900000000,0.3735000000,1.4490000000,0.1601000000,23.9710000000,0.0129000000,REJECTED
FP512,TH-34,X13,3.0000000000,3.0000000000,1.3300000000,0.9290000000,3.0000000000,0.1500000000,2.5610000000,1.8780000000,1.5030000000,3.0000000000,3.0000000000,2.0100000000,,1.3430000000,0.2086000000,1.7010000000,0.0790000000,7.0110000000,0.0000000000,27.1100000000,0.0044000000,REJECTED
TP129,TH-34,X13,3.0000000000,3.0000000000,1.7030000000,0.1760000000,3.0000000000,0.5890000000,1.9720000000,1.3690000000,0.9200000000,1.4850000000,1.3060000000,1.8200000000,,1.8950000000,0.0458000000,1.5360000000,0.1252000000,1.6490000000,0.0934000000,14.7160000000,0.1959000000,REJECTED
FP014,TH-40,X13,0.9040000000,0.8340000000,0.9190000000,0.3270000000,0.9990000000,0.0500000000,0.5510000000,0.8100000000,0.5410000000,0.7600000000,0.7120000000,0.6500000000,,20.0040000000,0.0000000000,28.3490000000,0.0000000000,3.3990000000,0.0004000000,102.2610000000,0.0000000000,ACCEPTED
FP019,TH-40,X13,0.5750000000,0.5010000000,0.7710000000,0.2510000000,0.7640000000,0.2090000000,0.6910000000,0.8930000000,0.6620000000,0.6640000000,0.6120000000,0.6100000000,,20.7740000000,0.0000000000,27.0680000000,0.0000000000,6.2900000000,0.0000000000,103.9880000000,0.0000000000,ACCEPTED
FP038,TH-40,X13,2.4480000000,2.2630000000,0.3870000000,1.4570000000,3.0000000000,0.3920000000,1.5230000000,1.6460000000,1.2990000000,1.0120000000,0.9370000000,1.4900000000,,1.4340000000,0.1654000000,2.3420000000,0.0112000000,1.2870000000,0.2401000000,38.3040000000,0.0001000000,REJECTED
FU014,TH-40,X13,3.0000000000,1.9270000000,0.9880000000,1.5320000000,3.0000000000,0.2000000000,2.5640000000,2.1480000000,0.7010000000,2.4380000000,2.0230000000,1.9200000000,,1.4610000000,0.1542000000,1.6770000000,0.0846000000,5.0190000000,0.0000000000,33.5670000000,0.0004000000,REJECTED
FU015,TH-40,X13,3.0000000000,3.0000000000,1.8940000000,1.5320000000,3.0000000000,0.5700000000,3.0000000000,2.8660000000,1.2030000000,3.0000000000,3.0000000000,2.3200000000,,0.7500000000,0.6888000000,0.7750000000,0.6640000000,11.5030000000,0.0000000000,8.1970000000,0.6956000000,REJECTED
FU018,TH-40,X13,3.0000000000,0.9180000000,0.7960000000,0.2760000000,0.8740000000,0.4250000000,2.6330000000,2.6720000000,0.4190000000,2.9990000000,2.7880000000,1.6400000000,,0.9490000000,0.4961000000,1.4390000000,0.1622000000,8.1140000000,0.0000000000,25.2970000000,0.0082000000,REJECTED
TU068,TH-40,X13,3.0000000000,3.0000000000,2.0090000000,0.2760000000,3.0000000000,0.7120000000,1.6070000000,2.2260000000,0.7470000000,2.4020000000,2.2290000000,1.8100000000,,3.0340000000,0.0012000000,3.3170000000,0.0004000000,3.3760000000,0.0004000000,27.3620000000,0.0041000000,REJECTED
FP109,TH-40,X13,3.0000000000,3.0000000000,1.7560000000,0.0250000000,3.0000000000,0.8940000000,1.0800000000,1.0960000000,1.0300000000,1.1330000000,1.0690000000,1.5700000000,,4.1860000000,0.0000000000,4.6020000000,0.0000000000,1.2420000000,0.2667000000,42.8140000000,0.0000000000,REJECTED
FP118,TH-40,X13,3.0000000000,3.0000000000,1.8700000000,0.2010000000,3.0000000000,0.8350000000,0.8520000000,0.9230000000,0.6680000000,1.0260000000,0.9200000000,1.4900000000,,5.4500000000,0.0000000000,6.1350000000,0.0000000000,0.6330000000,0.7978000000,51.0100000000,0.0000000000,REJECTED
FP301,TH-40,X13,3.0000000000,0.7810000000,0.6200000000,0.2510000000,0.7110000000,0.2910000000,1.6640000000,2.2110000000,1.1810000000,2.0330000000,1.9500000000,1.3300000000,,2.4900000000,0.0073000000,3.1480000000,0.0008000000,3.4820000000,0.0003000000,28.2270000000,0.0030000000,REJECTED
FP306,TH-40,X13,2.6780000000,1.3890000000,0.2350000000,0.7790000000,3.0000000000,0.4100000000,2.9570000000,2.6550000000,0.9260000000,2.8140000000,2.4740000000,1.9300000000,,0.6880000000,0.7477000000,0.8250000000,0.6152000000,5.1260000000,0.0000000000,11.7710000000,0.3811000000,REJECTED
FP317,TH-40,X13,3.0000000000,2.3080000000,1.8760000000,0.2760000000,3.0000000000,0.0800000000,1.1040000000,1.3370000000,0.7380000000,1.7290000000,1.6950000000,1.4900000000,,3.4330000000,0.0003000000,3.3330000000,0.0004000000,0.3770000000,0.9626000000,37.2000000000,0.0001000000,REJECTED
FP321,TH-40,X13,2.8610000000,2.2520000000,0.5540000000,1.6070000000,3.0000000000,0.5690000000,1.6030000000,1.8510000000,1.2580000000,1.1420000000,1.0480000000,1.6300000000,,1.2530000000,0.2593000000,2.0080000000,0.0318000000,1.1080000000,0.3612000000,32.0800000000,0.0007000000,REJECTED
FP331,TH-40,X13,3.0000000000,1.6800000000,1.0350000000,0.3270000000,3.0000000000,0.0700000000,2.0650000000,1.5740000000,1.3190000000,1.2270000000,1.1950000000,1.6200000000,,1.7430000000,0.0711000000,2.6810000000,0.0037000000,5.2900000000,0.0000000000,23.3100000000,0.0160000000,REJECTED
FU064,TH-40,X13,3.0000000000,0.4920000000,1.0780000000,0.3270000000,0.9930000000,0.8300000000,2.2390000000,2.5140000000,0.6690000000,2.9010000000,2.3300000000,1.6400000000,,1.0870000000,0.3767000000,1.3800000000,0.1888000000,2.2790000000,0.0145000000,18.8610000000,0.0636000000,REJECTED
FU078,TH-40,X13,2.6540000000,0.3890000000,0.7490000000,0.2510000000,0.9640000000,0.4940000000,2.3240000000,2.2860000000,0.8660000000,2.7740000000,2.2790000000,1.5200000000,,0.8800000000,0.5616000000,1.1460000000,0.3305000000,1.7950000000,0.0619000000,13.6980000000,0.2502000000,REJECTED
FPF03,TH-40,X13,3.0000000000,1.9260000000,1.7100000000,0.2510000000,1.9140000000,0.3470000000,1.3250000000,1.4640000000,0.5990000000,1.5730000000,1.5730000000,1.4000000000,,5.8720000000,0.0000000000,5.5470000000,0.0000000000,4.1610000000,0.0000000000,49.7410000000,0.0000000000,REJECTED
TPF02,TH-40,X13,1.3510000000,0.7910000000,0.3900000000,2.1350000000,3.0000000000,0.5850000000,2.5800000000,1.7960000000,1.6180000000,0.3590000000,0.2840000000,1.7800000000,,1.1040000000,0.3631000000,1.5230000000,0.1296000000,4.4250000000,0.0000000000,12.8700000000,0.3019000000,REJECTED
TUF01,TH-40,X13,3.0000000000,3.0000000000,2.0350000000,0.7030000000,3.0000000000,0.4630000000,2.4230000000,2.3250000000,1.2310000000,1.7830000000,1.3740000000,1.9600000000,,0.9990000000,0.4509000000,0.9670000000,0.4796000000,1.4500000000,0.1595000000,14.2990000000,0.2169000000,REJECTED
TUF02,TH-40,STL_FALLBACK,,,,,,,,,,,,,,,,,,,,,,
NPF01,TH-40,X13,3.0000000000,0.6470000000,1.0320000000,1.2310000000,2.7590000000,0.3390000000,2.5860000000,2.2380000000,0.4310000000,2.6060000000,2.1380000000,1.8900000000,,1.5470000000,0.1228000000,1.5980000000,0.1055000000,6.5790000000,0.0000000000,18.0120000000,0.0813000000,REJECTED
FPF05,TH-40,X13,3.0000000000,3.0000000000,1.7110000000,0.8540000000,3.0000000000,0.3300000000,2.0150000000,1.7370000000,1.1310000000,1.1950000000,1.0500000000,1.7500000000,,2.4760000000,0.0076000000,3.1770000000,0.0007000000,6.2630000000,0.0000000000,32.0920000000,0.0007000000,REJECTED
FPF08,TH-40,X13,1.5160000000,1.0860000000,0.8180000000,0.8540000000,3.0000000000,0.0500000000,1.6020000000,0.9690000000,0.6470000000,1.2020000000,1.0600000000,1.2700000000,,3.9910000000,0.0001000000,5.3310000000,0.0000000000,6.7900000000,0.0000000000,48.3150000000,0.0000000000,REJECTED
FPF09,TH-40,X13,3.0000000000,2.0290000000,1.7770000000,0.1260000000,3.0000000000,0.6020000000,0.6490000000,1.1600000000,0.5830000000,1.1160000000,1.0040000000,1.3500000000,,14.1810000000,0.0000000000,14.5850000000,0.0000000000,1.7570000000,0.0689000000,79.9410000000,0.0000000000,REJECTED
NP061,TH-40,X13,3.0000000000,1.6240000000,1.1190000000,0.0500000000,1.2430000000,0.1100000000,1.2130000000,2.0280000000,0.8010000000,2.0730000000,1.8090000000,1.2800000000,,2.8250000000,0.0025000000,3.4860000000,0.0003000000,1.0840000000,0.3794000000,36.7470000000,0.0001000000,REJECTED
FP510,TH-40,X13,3.0000000000,2.7650000000,1.8090000000,0.2010000000,3.0000000000,0.6690000000,1.4020000000,1.4720000000,0.8770000000,1.0570000000,0.7030000000,1.5500000000,,3.0860000000,0.0011000000,4.0240000000,0.0000000000,2.9370000000,0.0018000000,36.5190000000,0.0001000000,REJECTED
FP607,TH-40,X13,1.4960000000,1.0330000000,1.0500000000,0.1760000000,3.0000000000,0.3790000000,0.5130000000,0.8570000000,0.5370000000,0.9380000000,0.9230000000,1.0100000000,,13.6180000000,0.0000000000,18.4770000000,0.0000000000,0.9130000000,0.5307000000,84.9380000000,0.0000000000,CONDITIONALLY REJECTED
NP081,TH-40,X13,3.0000000000,0.9290000000,1.0580000000,0.5780000000,1.1960000000,0.6150000000,1.4520000000,1.5820000000,0.7200000000,1.8480000000,1.6860000000,1.3600000000,,2.3210000000,0.0124000000,2.8320000000,0.0023000000,1.6490000000,0.0935000000,36.4270000000,0.0001000000,REJECTED
FP511,TH-40,X13,3.0000000000,3.0000000000,2.2000000000,0.4770000000,3.0000000000,0.6750000000,2.1300000000,1.2760000000,0.8790000000,1.3920000000,1.2580000000,1.9300000000,,2.6710000000,0.0041000000,2.3450000000,0.0111000000,4.7570000000,0.0000000000,21.7850000000,0.0261000000,REJECTED
FP512,TH-40,X13,3.0000000000,2.4050000000,1.1290000000,0.4770000000,3.0000000000,0.1560000000,1.9250000000,2.0030000000,1.0170000000,2.5750000000,2.5610000000,1.7500000000,,1.4620000000,0.1539000000,1.5810000000,0.1105000000,1.5750000000,0.1145000000,28.5630000000,0.0027000000,REJECTED
TP129,TH-40,X13,3.0000000000,2.6930000000,1.8430000000,0.1000000000,3.0000000000,0.4150000000,2.2180000000,2.5600000000,0.9850000000,3.0000000000,2.7770000000,1.9600000000,,1.3840000000,0.1883000000,1.4490000000,0.1578000000,2.4210000000,0.0093000000,17.9420000000,0.0829000000,REJECTED
FP014,TH-41,X13,0.9010000000,0.6810000000,0.9430000000,0.0250000000,1.0070000000,0.0560000000,0.6540000000,0.8970000000,0.6710000000,0.8770000000,0.8330000000,0.6700000000,,15.2960000000,0.0000000000,19.7130000000,0.0000000000,3.2880000000,0.0006000000,90.2320000000,0.0000000000,ACCEPTED
FP019,TH-41,X13,0.5270000000,0.3490000000,0.5440000000,0.1760000000,0.7800000000,0.5060000000,0.9570000000,1.3860000000,0.8780000000,0.8340000000,0.7040000000,0.7600000000,,11.0520000000,0.0000000000,14.0680000000,0.0000000000,6.2550000000,0.0000000000,88.9920000000,0.0000000000,ACCEPTED
FP038,TH-41,X13,2.1420000000,1.7550000000,0.4820000000,1.8340000000,3.0000000000,0.5000000000,1.4190000000,1.4770000000,1.1750000000,0.9050000000,0.8210000000,1.4600000000,,1.4590000000,0.1549000000,2.3910000000,0.0096000000,0.8760000000,0.5653000000,44.7700000000,0.0000000000,REJECTED
FU014,TH-41,X13,3.0000000000,2.3370000000,0.7060000000,1.3060000000,3.0000000000,0.1050000000,2.7670000000,2.3290000000,0.3270000000,2.6030000000,2.3720000000,1.9100000000,,0.9150000000,0.5285000000,1.1090000000,0.3584000000,4.9600000000,0.0000000000,33.4420000000,0.0004000000,REJECTED
FU015,TH-41,X13,3.0000000000,3.0000000000,0.4890000000,2.3610000000,2.9270000000,0.4390000000,1.9930000000,2.7570000000,0.9340000000,3.0000000000,2.6460000000,1.9600000000,,1.2600000000,0.2553000000,1.3870000000,0.1856000000,1.3400000000,0.2108000000,9.8900000000,0.5403000000,REJECTED
FU018,TH-41,X13,3.0000000000,0.8890000000,1.0560000000,0.3270000000,1.1710000000,0.4840000000,2.7730000000,3.0000000000,0.7610000000,3.0000000000,3.0000000000,1.8100000000,,1.0200000000,0.4330000000,1.0980000000,0.3671000000,6.7150000000,0.0000000000,9.5430000000,0.5719000000,REJECTED
TU068,TH-41,X13,3.0000000000,3.0000000000,2.8550000000,0.4270000000,3.0000000000,0.5210000000,2.8650000000,2.3290000000,0.4240000000,2.5720000000,2.2180000000,2.1400000000,,0.9160000000,0.5274000000,0.9440000000,0.5005000000,4.8520000000,0.0000000000,16.9820000000,0.1084000000,REJECTED
FP109,TH-41,X13,3.0000000000,3.0000000000,2.1800000000,0.8040000000,3.0000000000,0.1610000000,1.7330000000,2.1280000000,0.8110000000,2.3730000000,2.3710000000,1.8400000000,,2.7430000000,0.0032000000,2.6750000000,0.0038000000,3.0260000000,0.0013000000,26.8160000000,0.0049000000,REJECTED
FP118,TH-41,X13,3.0000000000,3.0000000000,2.0340000000,0.1000000000,3.0000000000,0.7580000000,1.6040000000,1.3350000000,0.7880000000,1.1290000000,0.8490000000,1.7200000000,,1.5770000000,0.1132000000,2.0030000000,0.0323000000,1.1030000000,0.3644000000,22.7720000000,0.0190000000,REJECTED
FP301,TH-41,X13,3.0000000000,0.5910000000,0.9100000000,0.6280000000,0.9610000000,0.4400000000,2.5440000000,2.1610000000,1.3140000000,1.4410000000,1.4110000000,1.5800000000,,1.5460000000,0.1230000000,1.2210000000,0.2787000000,2.9350000000,0.0018000000,14.7820000000,0.1927000000,REJECTED
FP306,TH-41,X13,3.0000000000,1.1690000000,0.3060000000,1.0800000000,3.0000000000,0.5820000000,2.9640000000,2.4640000000,1.0250000000,3.0000000000,2.7670000000,2.0400000000,,0.7980000000,0.6419000000,0.8170000000,0.6232000000,3.5620000000,0.0002000000,13.9700000000,0.2347000000,REJECTED
FP317,TH-41,X13,2.5390000000,1.9990000000,1.8770000000,0.0250000000,3.0000000000,0.1910000000,1.0920000000,1.2350000000,0.7830000000,1.5520000000,1.5290000000,1.4100000000,,3.6680000000,0.0002000000,3.5920000000,0.0002000000,0.5190000000,0.8871000000,35.1310000000,0.0002000000,REJECTED
FP321,TH-41,X13,3.0000000000,2.3260000000,0.4800000000,1.3060000000,3.0000000000,0.5330000000,1.5830000000,1.7600000000,1.2370000000,1.0280000000,0.9320000000,1.5800000000,,1.1970000000,0.2959000000,2.0310000000,0.0297000000,1.0600000000,0.3994000000,28.1020000000,0.0031000000,REJECTED
FP331,TH-41,X13,3.0000000000,3.0000000000,1.6950000000,0.4020000000,3.0000000000,0.5950000000,2.6210000000,1.8950000000,1.1730000000,1.3280000000,1.1210000000,1.8800000000,,1.5140000000,0.1341000000,1.4760000000,0.1471000000,5.8500000000,0.0000000000,21.9040000000,0.0251000000,REJECTED
FU064,TH-41,X13,3.0000000000,0.6070000000,0.6250000000,0.6280000000,1.1250000000,0.4830000000,2.4120000000,2.3650000000,0.5150000000,2.8580000000,2.8150000000,1.6300000000,,0.9340000000,0.5103000000,1.1480000000,0.3292000000,2.1190000000,0.0237000000,19.4520000000,0.0534000000,REJECTED
FU078,TH-41,X13,3.0000000000,0.5580000000,0.5200000000,1.0050000000,0.8170000000,0.3470000000,2.3220000000,1.8500000000,1.1050000000,2.1850000000,2.1250000000,1.5200000000,,1.2040000000,0.2911000000,1.6330000000,0.0957000000,3.5380000000,0.0003000000,25.5900000000,0.0075000000,REJECTED
FPF03,TH-41,X13,3.0000000000,3.0000000000,0.9580000000,0.5530000000,3.0000000000,0.9120000000,2.5680000000,1.2680000000,0.5550000000,1.8000000000,1.6610000000,1.9000000000,,0.9730000000,0.4743000000,1.0620000000,0.3962000000,2.3370000000,0.0121000000,29.7300000000,0.0017000000,REJECTED
TPF02,TH-41,NO_SIGNAL,,,,,,,,,,,,,,,,,,,,,,
TUF01,TH-41,X13,3.0000000000,2.2210000000,0.6820000000,0.3270000000,3.0000000000,0.8320000000,2.0280000000,1.2630000000,0.6740000000,0.9720000000,0.9020000000,1.6500000000,,1.5790000000,0.1126000000,1.4210000000,0.1700000000,1.5620000000,0.1185000000,29.5330000000,0.0019000000,REJECTED
TUF02,TH-41,STL_FALLBACK,,,,,,,,,,,,,,,,,,,,,,
NPF01,TH-41,X13,3.0000000000,1.9750000000,1.5870000000,0.7790000000,3.0000000000,0.3820000000,2.7240000000,2.8220000000,0.2070000000,2.7590000000,1.8570000000,2.0000000000,,1.0640000000,0.3955000000,1.1980000000,0.2941000000,6.6850000000,0.0000000000,19.2460000000,0.0568000000,REJECTED
FPF05,TH-41,X13,3.0000000000,1.8980000000,1.1670000000,0.5530000000,3.0000000000,0.1130000000,2.0760000000,1.4570000000,1.1190000000,1.1020000000,0.9360000000,1.6200000000,,2.4740000000,0.0077000000,2.6680000000,0.0039000000,5.3290000000,0.0000000000,27.1480000000,0.0044000000,REJECTED
FPF08,TH-41,X13,1.0760000000,0.9380000000,0.3450000000,3.0000000000,3.0000000000,0.6960000000,1.6190000000,1.3120000000,0.7740000000,2.5160000000,2.1710000000,1.6900000000,,2.7400000000,0.0033000000,3.8200000000,0.0001000000,4.3400000000,0.0000000000,30.9350000000,0.0011000000,REJECTED
FPF09,TH-41,X13,3.0000000000,2.9130000000,2.0490000000,0.5530000000,3.0000000000,1.0690000000,0.8460000000,0.6590000000,0.4210000000,0.5730000000,0.5090000000,1.4600000000,,9.1200000000,0.0000000000,8.7000000000,0.0000000000,1.8210000000,0.0574000000,65.0500000000,0.0000000000,REJECTED
NP061,TH-41,X13,3.0000000000,3.0000000000,1.8210000000,0.0500000000,3.0000000000,1.1420000000,2.4390000000,1.8190000000,1.0540000000,1.7010000000,1.5240000000,2.0100000000,,1.1260000000,0.3467000000,1.1440000000,0.3321000000,2.2020000000,0.0183000000,12.6960000000,0.3136000000,REJECTED
FP510,TH-41,X13,3.0000000000,3.0000000000,1.8380000000,0.2510000000,3.0000000000,0.7250000000,2.6840000000,2.1010000000,1.1730000000,1.6290000000,1.1810000000,1.9500000000,,1.5770000000,0.1133000000,1.2950000000,0.2335000000,11.4010000000,0.0000000000,18.1920000000,0.0772000000,REJECTED
FP607,TH-41,X13,3.0000000000,2.6130000000,1.8480000000,0.1000000000,3.0000000000,0.9260000000,0.7280000000,0.7880000000,0.6480000000,0.7480000000,0.7090000000,1.4100000000,,9.1930000000,0.0000000000,10.8960000000,0.0000000000,1.5210000000,0.1322000000,66.1210000000,0.0000000000,REJECTED
NP081,TH-41,X13,3.0000000000,0.7270000000,1.1830000000,0.5020000000,2.5480000000,0.6170000000,1.9680000000,2.1410000000,0.9640000000,2.1210000000,2.0860000000,1.7300000000,,1.0040000000,0.4469000000,1.1210000000,0.3498000000,0.5610000000,0.8570000000,15.4420000000,0.1631000000,REJECTED
FP511,TH-41,X13,3.0000000000,3.0000000000,2.8050000000,0.5020000000,3.0000000000,0.1120000000,2.0140000000,2.2850000000,0.8520000000,2.8170000000,2.4150000000,1.9700000000,,1.6550000000,0.0913000000,1.6240000000,0.0983000000,2.0590000000,0.0284000000,16.7840000000,0.1144000000,REJECTED
FP512,TH-41,X13,3.0000000000,3.0000000000,1.5600000000,0.6280000000,3.0000000000,0.3600000000,2.8860000000,1.6160000000,0.8190000000,2.3750000000,1.9850000000,1.9500000000,,0.9180000000,0.5255000000,0.9140000000,0.5287000000,3.6370000000,0.0002000000,8.2090000000,0.6945000000,REJECTED
TP129,TH-41,X13,3.0000000000,1.5770000000,0.9100000000,0.7030000000,3.0000000000,0.4320000000,2.5340000000,1.9810000000,1.2540000000,1.6240000000,1.4650000000,1.8300000000,,1.1190000000,0.3521000000,1.3010000000,0.2300000000,3.2350000000,0.0007000000,17.5070000000,0.0937000000,REJECTED
